batch_pred,batch_y
10.207778,9.9804945
10.8420315,10.768506
11.267516,11.002116
10.957061,9.975855
10.940631,10.308986
11.470194,10.175459
10.410945,10.308986
11.083053,10.819798
10.420864,10.308986
11.140164,10.859018
10.86896,10.532123
10.861424,10.532123
11.012097,10.463132
10.691722,10.021315
10.4283285,10.126671
10.417526,9.903538
10.825372,10.221977
11.097399,10.59666
11.000947,10.021315
10.760715,10.915107
10.475956,10.532123
11.0419035,10.657283
10.860929,10.621157
11.037389,10.8685875
11.02431,10.818197
10.480569,10.043293
10.576359,10.275085
10.539702,10.068663
10.392697,9.811427
10.587253,10.59666
11.7348995,10.325515
10.366878,11.225244
10.721429,10.463103
10.672137,10.463103
10.825056,11.082143
10.189117,11.225244
10.59558,10.714417
10.7372675,10.463103
10.664915,10.463103
11.111201,10.463103
10.3487015,10.463103
11.063933,10.463103
11.053932,10.463103
10.730593,11.082143
11.07234,11.082143
10.695075,10.463103
10.7417555,9.999752
10.61988,10.341775
10.620993,11.279744
10.736936,10.221977
10.51368,9.952325
10.379022,9.923339
10.53697,10.71444
10.10718,9.711176
10.556136,11.359786
10.57258,10.220376
10.542289,10.477316
10.468667,9.975855
10.366279,9.975855
10.21869,9.680407
10.418392,10.491302
10.549263,10.043293
10.460602,10.221977
10.968862,11.112463
10.707863,9.680407
10.852738,10.041117
10.648219,9.975855
11.085036,10.532123
11.022965,10.59666
10.104052,9.711176
10.818681,10.463132
10.3767395,9.852247
10.73602,10.097779
10.813144,10.280999
10.452269,10.357775
10.458531,9.7981825
10.769954,10.280999
10.340388,9.852247
10.660637,11.279744
10.338111,10.021315
10.814071,10.308986
10.275911,9.555701
10.149123,9.82558
10.3406515,9.680407
10.96284,10.505095
10.426807,9.952325
10.475803,10.915107
10.672016,10.1849375
11.160347,10.819798
10.764181,10.609082
10.331126,9.998843
10.688332,10.077483
10.533558,10.165891
10.626532,10.021315
10.785996,10.913506
10.184866,9.765661
10.10921,9.64866
10.47623,9.528867
10.686709,10.5764065
10.272465,8.922392
10.345906,10.491302
10.52141,10.511921
10.567348,10.292179
10.217473,9.615872
10.541415,9.975855
10.817498,10.71444
10.607101,10.257694
11.303797,11.462064
10.396977,10.021315
11.506618,10.434145
10.950791,9.998843
10.77329,10.341775
10.460853,10.573187
10.243334,9.7981825
10.350854,10.434145
10.373191,10.242848
10.498656,9.82558
10.715237,10.126671
10.23878,10.0533285
10.305929,10.126671
10.888164,11.238923
11.010051,10.308986
10.4079275,10.363472
10.758515,10.257694
10.3058405,10.043293
10.242007,9.711176
10.453854,9.7981825
10.304602,9.510519
10.439087,9.711176
10.746234,10.140337
10.58267,10.420166
10.728581,9.952325
10.785731,10.389026
10.987533,10.59666
10.64854,10.532123
10.358344,9.741028
10.453671,9.770013
10.770465,10.747229
11.040399,10.71444
10.628495,9.82558
10.980998,10.71444
10.902184,10.064798
10.589183,10.165891
10.699853,10.71444
10.689435,10.71444
10.554788,10.532123
10.952357,9.852668
10.444848,9.7981825
10.44615,10.021315
10.619475,10.163965
10.404352,10.0533285
10.875976,10.275085
10.739018,10.448744
10.2020855,9.433564
10.508,10.915107
10.42044,10.59666
10.259846,9.82558
10.302421,9.734891
10.44934,10.819798
10.639372,10.2036295
10.388999,10.085851
10.876245,10.308986
10.479828,9.903538
10.544204,10.021315
10.974361,10.59666
10.167075,10.651147
10.411273,10.819798
10.748628,10.165891
10.20423,9.839003
10.519466,10.329572
10.424321,10.0533285
10.28627,10.389026
10.703214,10.463132
10.555771,10.097779
10.976599,10.915107
10.546733,10.021315
11.565335,10.645449
10.56919,10.097779
10.224146,9.66148
10.673083,9.680407
10.420588,9.975855
10.891422,10.71444
10.534449,10.463132
10.278848,9.903538
10.607039,10.165891
10.426419,9.952325
10.651792,10.064798
10.874072,10.657283
10.808187,10.532123
10.275884,9.510519
10.64344,10.657283
10.553751,9.711176
11.373503,11.156265
10.118125,9.765661
10.442143,10.165891
10.838529,9.998843
10.66225,10.389026
10.506711,9.952325
10.404213,10.532123
10.281413,9.510519
10.277728,9.755626
10.49603,10.308986
10.597459,9.952325
10.606274,10.59666
10.772665,10.097779
10.7952175,10.463132
10.463445,10.221977
10.616042,10.559582
10.615207,10.152338
10.359458,10.07538
10.501311,9.82558
10.735119,9.952325
10.945581,10.308986
10.49743,9.686637
10.177421,10.021315
10.496502,9.952325
10.410136,9.82558
10.528377,10.021315
10.715877,10.992066
11.37222,10.434145
11.05875,10.373523
10.493468,10.239996
10.593698,10.627431
10.01508,10.126671
10.164947,9.557541
10.449232,9.615872
10.301086,9.615872
11.214145,11.434975
10.601625,10.78934
10.712764,10.463103
10.19225,9.615872
10.571372,10.888838
10.321619,9.433564
10.525596,9.770013
10.309817,9.770013
10.779652,10.72549
10.134963,9.878221
11.266466,10.72549
10.935589,10.968216
10.634793,10.532123
10.672674,10.819798
10.651322,10.558439
11.05837,11.042938
10.504449,10.819798
11.126346,11.258046
10.685901,11.289794
10.194167,10.112451
10.98569,10.915107
10.366374,11.002116
10.295516,10.237779
10.1170435,10.819798
10.58141,11.082158
10.514405,10.532123
10.759828,10.532363
10.237529,9.903538
10.594425,10.532123
10.386327,10.126671
10.451464,10.59666
10.185229,10.153195
10.292047,9.9804945
10.59468,9.952325
10.411007,10.203592
10.375451,10.809748
10.486609,10.518701
10.818006,10.657283
10.559981,10.538767
10.694699,10.558439
10.841559,10.778977
10.444357,9.958023
10.423308,9.928229
10.535092,10.153195
10.630122,10.265349
11.00314,10.7987795
11.067613,10.691968
10.506336,10.571342
10.204375,9.852247
10.309446,10.045031
11.013696,10.855937
10.432855,10.389026
10.860358,11.407576
10.448617,10.389026
10.636117,10.239996
10.463799,9.770013
10.770137,10.463132
10.600673,10.927394
10.244172,9.952325
10.693299,10.657283
10.356433,9.852247
10.590515,10.768506
10.759992,9.7981825
11.09826,10.657283
11.101785,9.952325
10.948446,10.532123
10.33744,10.389026
10.848084,10.332702
10.803992,10.165891
10.63084,10.532123
10.6672125,10.193991
10.788812,10.7987795
10.657582,9.711176
10.724414,10.389026
10.379207,9.741028
10.598243,10.907807
10.752677,10.275085
10.460439,10.249946
10.348916,10.085851
10.83792,10.819798
10.850596,10.809748
10.688251,10.357775
11.173169,10.308986
10.632319,10.448744
10.52281,10.162808
10.704911,10.628158
10.83875,10.532123
10.473687,10.357775
11.016139,10.1849375
10.543975,10.59666
10.661783,9.862718
10.92629,11.056603
11.065854,10.463132
11.136073,10.532123
10.605779,10.448744
10.43101,10.657283
10.48817,10.268166
10.825625,10.768506
10.322595,10.422311
10.7468605,10.239996
10.723212,9.472781
10.592967,10.064798
10.653308,10.1849375
10.597123,10.341775
10.654671,10.609082
10.668256,10.450481
10.63582,10.165891
10.404433,9.903538
10.510375,10.628158
10.470433,10.234265
10.1787405,10.064798
10.830749,10.332702
10.85949,10.657283
10.795763,10.021315
10.636298,10.357775
10.789431,11.407576
10.353618,9.911506
10.737094,10.221977
10.952235,10.308986
10.205594,10.064798
11.006956,10.357775
10.739752,10.043293
10.467793,10.645449
10.650731,9.975855
10.759007,10.389026
10.971735,10.419331
10.644706,10.532123
10.527837,10.126671
10.983235,10.915107
10.468082,10.297251
10.685201,10.341775
10.765683,10.657283
10.768665,10.874286
10.842343,10.221977
10.926867,10.165891
10.9404335,10.463132
10.781056,10.491302
10.730658,10.71444
10.73486,10.357775
10.408525,10.491302
10.862109,9.911506
10.3350935,9.757363
10.734895,9.903538
10.682822,11.042938
10.703083,10.657283
10.764661,10.657283
10.692386,10.505095
10.700112,10.085851
10.602439,10.389026
10.754376,10.959558
10.719087,10.275085
10.55553,10.221977
10.908711,9.964159
10.764257,10.275085
10.9544735,11.082158
10.156277,10.045031
10.470489,10.021315
10.402801,10.389026
10.969066,10.404293
10.851394,10.275085
11.079335,11.156265
10.510639,10.332702
10.501349,10.389026
10.412889,10.126671
10.677012,10.002473
10.676616,10.633472
10.450753,10.2036295
10.876397,10.05608
10.557571,10.463132
10.696654,10.239996
10.525207,10.2036295
12.276334,11.002116
10.492976,10.463132
10.498111,10.532123
10.396325,10.532123
10.300824,9.536113
10.359208,10.021315
10.489156,10.234265
11.122149,10.657283
10.56445,10.308986
10.606779,10.71444
10.363677,10.1849375
10.451377,9.9804945
10.924735,10.463132
10.889981,10.818197
10.828063,10.68627
10.504622,10.239996
10.433187,9.741028
10.792417,10.085851
10.727925,9.903538
10.882969,10.308986
10.755307,10.126671
10.288151,10.221977
10.564098,10.1849375
10.594495,9.975855
10.231816,9.862718
10.52358,10.059679
10.7075205,10.181157
10.69333,10.165891
10.934539,10.221977
10.684598,10.463132
10.311313,10.275085
10.93392,10.106469
10.921287,10.673619
11.062278,10.819798
10.510358,9.865318
10.257984,9.865318
10.400968,10.176601
10.728858,10.389026
10.580685,10.558439
10.713338,10.308986
10.556277,9.865318
10.696635,10.633472
10.484368,10.308986
10.84509,10.463132
11.026468,11.115443
10.608346,11.324196
10.283492,9.852247
10.440473,9.975855
10.8318815,9.755626
10.457865,9.581973
10.767382,10.043293
10.614717,9.472781
10.387797,10.221977
10.487884,10.221977
10.398553,10.165891
10.757044,9.64866
10.539465,10.1849375
11.066778,10.463132
10.671601,10.239996
10.619156,10.1849375
10.276376,10.106469
10.158055,9.903538
10.35278,10.532123
10.509118,10.199175
10.561704,10.532123
10.508205,9.711176
10.7329645,10.257694
10.563837,10.819798
10.822297,10.341775
10.684773,10.532123
10.604274,10.275085
10.54315,10.221977
10.5748625,10.768506
11.113559,10.819798
10.933686,10.389026
10.566295,10.221977
10.942138,10.389026
10.766548,10.106469
10.921308,10.434145
10.747864,10.448744
10.491205,9.380168
10.70464,10.221977
10.777411,10.680539
10.423333,10.146473
10.271129,10.221977
10.452319,10.2036295
10.365117,10.404293
10.667779,10.106469
10.743382,10.021315
10.743648,10.389026
10.617175,10.221977
10.720862,10.268166
11.139335,10.59666
10.898456,10.819798
10.768128,10.419331
10.517606,10.59666
10.612331,10.021315
10.7480135,10.59666
11.391356,11.002116
10.967743,10.463132
10.743953,10.2036295
11.374881,10.657283
10.768434,10.357775
10.408261,10.275085
10.93702,10.633472
10.712554,10.308986
10.896535,11.119898
10.712317,11.191356
10.351583,9.615872
10.859229,10.419331
10.818053,10.819798
10.914318,10.085851
10.774138,10.422579
10.538152,10.156229
10.46053,9.392745
10.588292,10.106469
10.336084,9.683776
10.470398,10.519889
10.45596,10.519889
10.501392,10.0299
10.703665,10.477316
10.412485,10.491302
10.471358,10.257694
10.532105,9.896614
10.342986,10.126671
10.3553095,9.787123
10.275368,10.308986
10.601396,10.71444
10.437463,9.903538
10.460633,10.404293
10.497901,10.518701
10.529027,10.657283
10.443295,10.453082
10.323023,10.255165
10.382546,10.126671
10.3647995,10.809748
10.621225,10.538767
10.7961035,9.911506
10.514836,10.308986
10.370451,10.06951
10.78766,9.878221
10.724688,10.07538
10.678147,10.381243
10.398091,10.463132
10.745227,10.768506
10.448506,9.852247
10.409358,10.308986
10.512351,9.896614
10.609715,10.071287
10.788909,10.507913
10.551803,10.423917
10.956162,10.4174185
10.955956,10.878066
10.323925,9.903538
10.568524,11.512936
10.294206,10.221977
10.571111,10.389026
10.335956,9.903538
10.719044,10.292179
10.472412,10.2036295
10.447259,9.903538
10.452044,9.89096
10.327391,9.903538
10.279735,9.903538
10.793497,9.770013
10.571619,9.852247
10.574231,9.903538
10.338429,9.998843
10.398234,9.998843
10.707599,10.2036295
10.274119,9.770013
10.54124,9.770013
10.508393,9.839003
10.240762,9.528867
10.280609,9.528867
10.161759,9.903538
10.493492,10.59666
10.186429,9.615872
10.193688,9.878221
10.499171,10.239996
11.293588,10.959558
11.548544,11.407576
11.3351,11.119898
10.750476,11.407576
11.016922,11.407576
11.085811,11.289794
10.96051,11.191356
11.113156,11.407576
10.931016,10.419331
10.690114,11.472114
11.2466135,10.915107
11.026878,11.002116
11.033839,10.8685875
10.691085,11.119898
10.687158,10.8685875
10.942142,11.608245
10.726869,10.555839
11.121581,11.379406
10.803292,11.225257
10.724705,11.407576
10.523426,11.289794
11.457729,9.729194
11.0361185,10.819798
11.316152,10.645449
10.551187,10.819798
11.26702,11.320565
10.87597,10.768506
11.105375,11.156265
10.811503,11.320565
10.4841585,10.703267
10.973452,11.042938
10.857536,10.59666
10.762249,11.350418
10.696476,10.915107
11.017198,10.657283
11.121322,10.59666
10.8562975,11.042938
11.011126,11.191356
10.7179365,10.768506
10.797093,11.156265
10.884462,10.545368
10.811585,10.308986
11.092424,11.156265
11.386874,10.819798
10.990892,11.156265
10.54392,11.002116
10.8492155,10.933125
11.012149,10.268166
10.994586,10.268166
10.535756,10.308986
11.210435,10.758775
10.698167,11.060385
10.998504,11.407576
10.968772,11.002116
11.182139,11.380548
10.753677,11.184435
10.633588,9.862718
11.032399,10.085851
10.497264,10.532123
10.844072,11.041337
10.8393545,10.673619
10.80783,10.532123
10.776527,10.71444
10.606689,10.768506
10.246603,10.165891
10.34542,10.257694
10.294358,9.433564
10.475913,10.021315
10.482321,10.221977
10.60543,10.532123
10.41676,10.532123
10.466261,10.308986
10.1978855,10.71444
10.417947,10.59666
10.835743,10.477316
10.6039095,10.768506
10.3072405,10.819798
10.395326,10.1849375
10.435155,10.532123
10.286052,10.2036295
10.3502865,10.043293
10.42837,10.248884
10.325288,10.59666
10.691779,10.043293
10.400737,10.142544
10.7065935,10.491302
10.932578,10.308986
10.393715,10.221977
9.998294,10.021315
10.918092,11.004114
10.692571,10.308986
10.70469,11.258046
10.834681,11.082158
10.636302,9.964159
11.056597,11.320565
10.794723,11.042922
11.201647,11.042922
10.723923,11.379395
11.021585,11.042922
11.124379,11.042922
11.360231,11.379395
11.512002,11.379395
10.607136,11.042922
10.746102,11.042922
10.409104,11.042922
11.4070835,11.379395
10.700896,11.042922
11.214146,11.042922
10.589616,11.042922
11.191264,11.042922
10.861693,11.042922
11.255496,11.379395
11.052821,11.042922
10.646577,11.042922
10.747204,11.042922
10.507079,11.042922
11.070586,11.042922
10.963267,11.042922
10.641593,11.042922
11.483441,11.042922
11.73287,11.042922
10.127898,9.7981825
10.413262,10.389026
10.992959,11.002116
10.609286,10.085851
10.644374,10.389026
10.721549,9.770013
10.896125,10.768506
10.96515,11.191356
10.643714,10.768506
10.975685,11.156265
10.846275,10.959558
10.5891695,10.463132
10.73485,11.041337
10.549157,10.308986
10.607237,10.71444
10.611088,10.736419
10.434404,10.126671
10.471289,9.952325
10.636821,10.78934
10.573825,9.952325
10.732605,10.126671
10.474137,10.2036295
10.608516,10.357775
10.840859,10.491302
10.797773,10.819798
10.496802,9.975855
10.812062,10.59666
10.892631,10.2036295
10.33026,10.532123
10.704118,10.389026
10.543986,10.221977
10.2969885,10.768506
10.222717,9.928229
11.067729,11.225257
11.068125,11.225257
11.068125,11.225257
10.927555,11.002116
10.89074,11.002116
10.89074,11.082158
10.867769,11.002116
10.520555,10.71444
10.682095,10.71444
10.279263,10.463132
10.9186535,10.463132
10.539106,11.191356
10.670726,11.350418
10.660073,10.126671
11.107121,11.097425
10.518847,10.59666
10.601098,10.292179
10.801968,10.59666
10.610845,10.404293
10.855214,11.002116
10.859849,10.8685875
10.743976,9.615872
10.16508,9.878221
10.676045,10.768506
10.583729,9.615872
10.891824,10.463132
10.842988,10.389026
10.832548,10.768506
10.755387,10.59666
10.640793,11.472114
10.530015,10.257694
10.706918,10.950824
11.144206,11.097425
10.977698,10.532123
10.822189,11.191356
11.124642,11.790565
10.465632,9.975855
11.129401,11.191356
10.73548,10.819798
10.345317,10.308986
10.426298,10.199175
10.320598,10.064798
11.04606,10.518701
10.963476,10.768506
10.466136,10.819798
11.021353,11.338584
10.686848,11.338584
10.520463,10.404293
10.533954,10.571342
10.467796,10.59666
10.882672,10.71444
11.093522,11.338584
10.771297,11.082158
10.876285,11.002116
10.414669,10.874286
10.800763,11.042938
10.325351,10.165891
10.300809,10.819798
10.545572,10.404293
10.841491,11.042938
10.565444,10.819798
10.423297,10.71444
10.59163,10.126671
10.455424,9.903538
10.408374,10.126671
10.444479,10.126671
10.622626,11.512936
10.538448,10.165891
10.593072,10.308986
10.884562,10.768506
10.879857,10.8685875
10.381925,10.389026
10.410365,10.389026
10.565055,10.71444
10.630127,10.657283
10.704639,10.59666
10.659958,10.8685875
10.57335,10.59666
11.009689,11.002116
11.0667715,10.819798
10.706302,10.645449
10.456786,10.915107
10.57242,10.463132
10.451788,10.59666
10.609907,10.389026
10.218286,10.021315
10.742497,10.404293
10.750356,10.819798
11.084899,10.357775
10.630227,10.538767
10.661235,11.082158
10.690738,11.042938
10.546023,10.126671
10.832661,10.915107
10.493896,11.002116
10.5410795,10.59666
10.609953,10.463132
10.493501,10.021315
10.594536,10.463132
10.921108,10.915107
10.463144,10.896758
10.812128,10.71444
10.567958,10.532123
10.572218,10.778977
10.867681,10.530521
10.904282,10.736419
10.667916,10.389026
10.767105,10.915107
10.572156,10.221977
10.895045,10.275085
10.780789,10.165891
10.647725,10.389026
10.928372,10.450481
10.337839,10.768506
10.787211,11.002116
10.78705,10.915107
10.553606,10.768506
10.837705,10.532123
10.523708,10.8685875
10.621249,11.082158
10.517777,9.903538
10.387906,9.903538
11.0827875,10.819798
10.692943,10.463132
10.29963,10.221977
10.411559,9.952325
10.489776,10.106469
10.390356,10.448744
10.518602,10.463132
10.511046,10.300954
10.460292,11.225257
10.639422,11.340012
10.73089,10.758775
10.831922,10.373523
10.601176,10.915107
11.053559,10.234265
10.760261,10.434145
10.4569025,10.268166
11.066411,10.463132
10.510896,10.1849375
10.594102,11.14031
10.887824,11.104972
10.751742,10.463132
11.29002,10.959558
10.508698,10.393325
10.655963,10.156229
10.974542,10.71444
10.816852,10.915107
10.929681,11.289794
10.476125,10.8685875
10.59567,10.464274
10.389522,9.998843
10.733477,10.819798
10.758443,11.082158
10.677778,10.463132
10.723204,10.609082
10.84233,10.59666
11.940066,10.389026
10.536977,10.450481
10.557558,10.221977
10.781373,10.239996
10.623137,10.532123
10.8346815,10.463132
10.630577,10.71444
10.905293,10.959558
10.893878,10.915107
10.699056,10.59666
10.751136,10.915107
10.633196,10.657283
10.624491,10.357775
10.911218,10.463132
10.5513935,9.82558
10.670287,10.532123
10.902143,10.959558
10.739701,10.758775
10.73411,11.184435
10.745675,9.998843
10.627042,10.915107
10.375564,10.532123
10.789788,10.787503
10.730504,10.59666
10.605295,10.657283
10.75533,10.532123
10.570469,10.71444
10.859679,10.8685875
10.540278,10.505095
10.377032,9.975855
10.642556,10.961295
10.988762,10.47788
11.1670065,11.082128
10.651187,10.389026
10.608565,10.463132
10.608155,10.463132
11.050815,10.257694
10.725764,10.404293
10.469619,10.71444
10.853948,11.042938
10.314872,10.819798
10.38648,10.146473
10.87897,11.082158
10.882302,10.325515
11.023857,10.463132
10.683587,10.8685875
10.386405,10.308986
10.486961,10.021315
10.315076,10.043293
10.643704,10.59666
10.783728,11.082158
10.518934,10.59666
10.489921,10.221977
11.195693,10.915107
10.933433,10.71444
10.673877,10.59666
10.759374,11.407576
10.144101,10.021315
10.622956,10.609082
10.701999,11.184435
10.853851,10.657283
10.755576,10.532123
10.639019,10.959558
10.571001,9.7981825
10.692732,10.691968
10.772252,10.651147
10.726143,10.12507
10.635218,10.450481
10.74948,10.419331
10.818133,11.002116
11.000916,10.71444
10.373494,10.558439
10.572122,10.532123
10.668946,10.532123
11.132671,10.239996
10.442333,10.126671
10.755529,10.555839
10.599574,10.71444
11.274932,10.896758
11.168128,10.251359
10.563771,9.433564
10.285461,10.571342
10.356641,9.546884
10.935191,10.657283
10.454446,9.839003
10.530477,10.2036295
10.759139,10.373523
10.693511,10.325515
10.296832,10.165891
10.398128,10.085851
10.583371,10.2036295
10.859214,10.657283
10.760182,10.532123
10.86588,10.915107
10.76781,10.71444
10.6837435,9.903538
10.599732,9.975855
10.617824,10.221977
10.783,10.8685875
10.897048,11.512936
10.48368,9.839003
10.478648,9.839003
10.308252,10.165891
10.686849,10.68627
11.00879,10.59666
11.058158,11.225257
10.658484,11.320565
10.873656,10.8685875
10.626767,10.71444
10.8071165,10.59666
10.844317,10.959558
11.092099,10.849357
10.554966,10.146473
10.560028,10.308986
10.8376665,10.959558
10.491651,11.512936
10.651043,10.021315
10.669753,10.657283
10.646451,10.703267
10.771436,10.819798
10.924811,10.657283
10.576283,10.085851
10.868913,11.002116
10.757789,10.819798
10.952982,11.082158
10.617068,10.71444
10.515824,10.532123
10.497948,10.71444
10.886903,11.002116
10.617459,10.146473
11.104365,10.463132
10.558251,10.389026
11.071968,9.998843
11.06078,10.2036295
10.8473835,10.532123
10.540473,10.633472
11.03691,10.645449
10.796765,10.463132
10.515092,11.115443
10.515454,10.819798
10.686126,10.373523
10.222789,10.959558
10.79585,9.573316
10.461217,9.528867
10.714837,10.448744
10.559241,10.064798
11.1872225,11.119898
10.082675,9.852247
10.663154,9.975855
10.15806,9.903538
10.592046,9.928229
10.278945,9.7981825
10.755231,10.8685875
10.670958,11.002116
10.754363,10.463132
10.791722,10.657283
10.51141,10.165891
10.62628,10.532123
10.305512,10.308986
10.805444,10.156229
10.427323,10.389026
10.514258,10.389026
10.489687,10.389026
10.2119875,9.852247
10.432718,9.878221
10.495748,10.463132
10.52394,10.275085
10.607724,11.289794
10.599733,10.8685875
10.359904,9.881804
10.701965,9.975855
10.694507,10.275085
10.685039,10.915107
10.3573885,10.657283
10.700999,11.002116
10.452489,10.308986
10.600054,10.809748
11.055858,10.59666
11.129479,11.002116
10.697122,10.607896
10.259139,10.505095
10.838633,9.573316
10.473159,9.528867
10.621668,11.082158
10.577798,9.615872
10.131071,9.852247
10.271949,10.221941
10.662196,10.455964
10.686917,10.59666
10.453929,10.657283
10.62728,10.308986
10.646931,10.239996
10.627116,11.042938
10.401652,9.998843
10.286805,9.82558
10.965331,10.389026
10.418689,10.308986
10.273082,10.463132
10.3999815,10.308986
10.72856,11.002116
10.574489,10.768506
10.414833,10.165891
10.607376,10.146473
10.8556795,10.021315
10.42529,9.7981825
10.727307,10.357775
10.5820265,11.225257
11.043903,10.59666
10.644056,11.002116
10.377595,9.680407
10.297362,9.878221
10.170836,9.878221
10.203537,10.915107
10.526515,10.8685875
10.432609,9.975855
10.223027,9.878221
10.231147,9.928229
10.111631,9.998843
10.738326,9.7981825
10.449962,9.998843
10.545253,9.770013
10.279695,10.126671
10.133536,9.6959095
10.304192,10.1849375
10.153664,9.975855
10.527877,10.126671
10.058336,10.021315
10.243516,9.7981825
10.826759,10.463132
9.896959,9.741028
10.556369,10.373523
10.724472,10.126671
10.608265,10.2036295
10.3127775,9.7981825
10.416359,9.806481
10.515489,11.082158
10.181371,9.975855
10.351964,10.126671
10.336963,10.325515
10.22774,9.680407
10.271199,10.2036295
10.538463,10.043293
10.285015,9.852247
10.259648,9.7981825
10.420098,9.878221
10.304572,10.021315
10.618052,10.064798
10.222238,9.680407
10.061431,9.680407
9.973936,9.711176
10.026422,9.680407
10.396277,9.510519
10.169719,9.7981825
10.670489,10.389026
10.359733,9.741028
10.088752,9.975855
10.179111,10.419331
10.174769,9.7981825
10.350549,10.043293
10.357493,10.126671
10.312808,10.165891
10.341899,10.389026
10.242066,9.711176
10.2423525,9.64866
10.355123,10.085851
10.151263,10.07116
10.23685,10.308986
10.4025545,10.085851
9.837444,9.4697
10.229691,10.341775
10.264056,10.389026
10.391225,10.126671
9.955737,9.64866
10.383395,10.126671
10.070156,9.711176
10.004909,9.64866
10.038107,9.711176
10.420957,10.463132
10.186299,9.680407
9.881247,9.770013
10.574353,9.903538
10.222623,9.581973
10.190986,10.064798
10.16713,9.998843
9.885768,9.4697
9.905502,9.862718
10.100268,10.1849375
9.818458,9.4697
9.711854,9.4697
10.245872,9.928229
10.252658,10.021315
10.381795,10.292179
10.198614,10.221977
10.255229,9.581973
10.230998,9.903538
10.126028,9.60245
10.345929,10.59666
10.013101,10.126671
10.367604,10.085851
10.283932,9.928229
9.908471,9.64866
10.195453,9.7981825
9.9526415,10.021315
10.21073,9.770013
10.013834,10.126671
10.934453,10.505095
10.106929,9.852247
10.860375,10.657283
10.314233,10.463132
10.257943,9.903538
10.353232,10.126671
10.328265,10.221977
10.227456,9.975855
9.748628,9.903538
10.300694,9.903538
10.334928,10.085851
10.440521,10.221977
10.285626,10.463132
10.320825,10.126671
9.95939,9.541154
10.163178,9.784197
10.201158,9.903538
10.667711,10.221977
9.9419775,9.680407
10.46203,9.852247
10.232666,9.903538
10.438056,10.165891
10.609515,10.71444
10.484175,11.119898
10.778705,10.221977
10.826515,10.357775
10.960452,10.373523
10.354294,10.064798
10.355117,9.903538
10.350974,10.59666
10.628831,10.463132
10.119962,10.152026
10.626294,10.221977
10.588568,10.126671
10.461516,9.546884
10.62843,9.510519
10.689575,9.546884
10.31308,10.419331
10.433608,9.878221
10.8056555,10.571342
10.457915,9.546884
10.70362,9.554001
10.450563,10.021315
10.507897,9.546884
11.189069,11.407576
10.244191,9.928229
10.353951,10.239996
10.556434,10.389026
10.858996,11.1947975
10.537432,11.248973
10.533249,11.042938
10.541448,10.915107
10.548718,10.657283
10.489069,9.928229
10.784948,10.532123
10.587134,10.915107
10.494125,10.59666
10.819518,10.71444
10.552819,9.755626
10.49351,10.221977
10.281617,9.680407
10.006634,10.021315
10.323464,10.308986
10.944163,10.71444
10.664243,10.8685875
10.189068,9.7981825
10.888696,10.959558
10.495134,10.126671
10.800767,9.7981825
10.59473,10.126671
10.512236,9.770013
10.494014,9.770013
10.508651,10.668979
10.565355,9.903538
10.508714,9.770013
10.51064,10.357775
10.607193,10.463132
9.923877,9.793729
10.335732,9.928229
10.457952,11.002116
10.706965,10.021315
10.336437,9.711176
10.508878,10.768506
10.501619,10.768506
10.693379,10.71444
10.581265,10.59666
10.71247,9.964159
10.917756,9.680407
10.319034,10.558439
10.420406,9.711176
10.48883,10.59666
10.6485815,10.373523
10.741498,10.292179
11.442555,11.191356
10.389512,9.852247
11.101664,10.558439
10.233852,10.126671
10.695848,10.657283
10.49116,10.450481
10.284411,10.165891
11.051873,9.987415
11.051873,10.021315
10.205995,9.615872
10.808834,10.477316
10.818017,10.71444
10.874637,10.657283
10.9995575,10.275085
11.000976,10.463132
10.748257,10.518701
10.551267,10.165891
10.314329,9.392745
10.6265955,10.341775
10.237369,10.116621
10.721438,10.126671
10.173045,9.639587
10.448123,10.389026
10.371506,10.221977
9.989135,10.2036295
10.632329,10.292179
10.788422,10.308986
10.986423,10.165891
10.177829,10.028224
10.636975,9.911506
10.082225,9.711176
11.019902,11.119898
10.546292,10.915107
10.2035055,9.998843
10.28995,9.584314
10.451617,10.2036295
10.729928,11.156265
10.093416,9.615872
10.773001,10.71444
10.274884,9.952325
10.575417,10.239996
10.353641,10.221977
9.996135,9.564583
10.872384,10.532123
10.32784,9.862718
10.87587,10.71444
10.603403,10.239996
10.568131,10.341775
10.129405,9.928229
10.080686,9.541154
10.054976,9.575053
10.510975,10.59666
9.929385,9.371694
10.516285,9.770013
10.743737,10.59666
10.78836,10.043293
10.50964,10.308986
10.671647,9.998843
10.828512,10.532123
10.038448,9.852247
10.884212,9.7981825
10.633663,10.308986
10.560452,10.126671
10.167925,10.59666
10.83945,10.357775
10.228007,9.998843
10.217882,9.592264
10.547093,10.59666
10.156962,9.519515
10.4583235,10.126671
10.820233,10.021315
11.180512,10.819798
10.915544,10.532123
10.147319,10.558439
10.203105,9.506065
10.070026,9.770013
10.721242,10.915107
10.914827,10.463132
10.463374,10.021315
10.716403,10.555839
10.791905,10.532123
10.100873,10.335173
10.059405,9.506065
10.677492,10.308986
10.667923,10.498222
10.160691,9.639587
10.821549,10.657283
10.872024,10.275085
10.7958355,10.532123
10.721612,9.928229
10.539602,10.59666
10.661602,10.393325
10.310192,10.59666
9.870779,9.159152
10.742828,10.165891
10.242965,9.998843
10.682826,10.768506
10.570256,11.002116
10.636445,10.959558
10.819522,10.221977
10.754647,10.874286
10.365843,10.064798
10.092622,9.615672
11.177144,11.350418
10.705183,10.819798
10.687066,11.002116
10.645028,10.308986
11.06072,10.463132
10.338431,11.512936
10.837605,10.463132
10.595726,10.532123
10.57727,10.839601
10.405242,10.768506
10.288957,9.770013
10.358026,10.325515
10.3907,10.768506
10.521803,10.657283
10.664393,10.657283
10.515941,10.221977
10.597781,10.389026
10.572586,10.085851
10.688546,10.146473
10.904767,10.308986
10.551057,10.308986
11.026428,10.389026
10.777049,10.976799
10.455312,9.615872
10.80195,9.615872
10.530349,10.308986
10.455432,10.021315
10.507863,11.002116
10.549853,11.002116
10.446963,10.165891
10.593968,9.903538
10.657685,10.389026
10.575536,10.308986
10.561765,10.59666
10.76621,9.852247
10.76275,10.043293
10.111897,9.7981825
10.514724,10.021315
10.137193,10.116621
10.658109,10.491302
10.467827,10.045031
10.804543,10.78934
10.1909485,10.308986
10.421521,10.463132
10.901754,10.59666
11.205733,10.621352
10.151107,9.64866
10.518026,10.621352
10.300151,9.952325
10.329941,10.308986
10.58594,10.571342
10.790403,10.434145
10.477275,10.59666
10.564157,9.998843
10.851811,10.8685875
10.8382,11.042938
10.721356,10.221977
10.788306,10.72549
10.211396,9.462266
10.193248,9.670357
9.96285,9.4697
10.631924,9.82558
10.599267,9.952325
10.735301,10.389026
10.62809,11.002116
10.820268,10.819798
10.330046,9.741028
10.279867,10.268166
10.758485,10.768506
10.3794775,10.021315
10.864982,10.404293
11.096667,11.042938
10.328585,9.952325
10.792219,10.532123
10.261327,9.210441
10.515022,10.657283
10.725607,10.389026
10.434577,9.952325
10.795885,11.233225
10.666999,10.1849375
10.8187275,10.389026
10.255149,9.615872
10.542182,10.146473
10.710046,10.71444
10.3740015,11.350418
10.856126,10.043293
10.585813,10.71444
10.524871,10.1849375
10.256232,9.9804945
10.314441,9.770013
10.921783,11.277216
10.22166,9.611664
10.061437,9.546884
10.685921,10.308986
10.6177635,9.952325
10.689385,10.308986
10.484666,10.915107
10.454022,9.952325
10.257577,9.692828
10.244012,9.564232
10.540977,9.852247
10.576404,10.221977
10.78006,10.341775
10.586025,10.1849375
10.818938,10.221977
10.722051,10.463103
10.602542,10.043293
10.598975,10.043293
10.702092,10.389026
10.836273,10.532123
10.411765,10.275085
10.631391,10.126671
10.618424,10.389026
10.585906,9.82558
10.584503,10.085851
11.090213,11.338584
10.70143,10.463132
10.474637,10.2036295
10.485034,10.165891
11.031901,11.060385
10.522941,11.350418
10.6058855,10.59666
10.060395,9.7981825
10.489902,11.350418
10.623771,9.82558
10.49434,10.463132
10.516631,10.2036295
10.581692,10.532123
10.462509,10.915107
10.201381,10.491302
10.600878,10.057452
10.83241,10.71444
10.77718,11.350418
10.725448,10.961295
10.789475,10.657283
10.310721,10.085851
10.361261,10.12507
10.459567,10.021315
10.519816,11.225257
10.532464,10.199175
10.779134,10.532123
10.977106,10.021315
10.536178,10.419331
10.508789,10.064798
10.806146,11.248973
10.669278,10.106469
10.398862,10.373523
10.920524,10.657283
10.6960745,11.289794
10.593371,9.7981825
10.569164,10.915107
11.026214,10.463132
10.701604,10.106469
10.591754,10.915107
10.611878,10.8685875
10.605857,10.768506
10.798783,10.915107
10.571149,10.389026
10.753049,10.959558
10.517131,9.639587
10.730269,10.221977
10.845516,11.086456
10.338727,10.633472
10.367602,10.332702
10.444673,10.308986
11.1675,10.819798
10.603904,10.341775
10.371499,9.903538
10.181667,9.7981825
10.836675,10.1849375
10.76979,10.7987795
10.9445,10.657283
10.686154,10.341775
10.645535,10.357775
10.72289,10.021315
10.823426,10.308986
10.796311,11.184435
10.877365,10.71444
10.967513,10.657283
10.247231,9.82558
10.863554,10.768506
10.710546,10.463132
11.035224,10.71444
11.066535,10.126671
10.273183,9.64866
10.423251,9.680407
10.604858,9.741028
10.346836,9.998843
10.396202,10.532123
10.349767,9.952325
10.080384,9.82558
10.2136755,9.800845
10.680095,10.768506
10.365473,10.558439
10.7899475,11.320565
10.983463,10.645449
10.623342,10.257694
10.828499,10.717103
11.049869,10.915107
10.3600645,10.59666
10.732455,10.085851
11.117925,10.308986
10.482396,10.005412
10.753031,10.389026
10.735592,11.225257
10.04375,9.878221
11.073923,10.874286
10.62267,10.457401
10.330778,10.308986
10.449351,10.308986
10.407136,9.770013
10.331447,9.770013
10.397941,9.6959095
10.802787,10.085851
10.524201,10.457401
10.764424,11.082158
10.659678,10.221977
10.48815,10.532123
10.956777,10.463103
10.824146,10.71444
10.543693,9.928229
10.728201,10.221977
10.71806,10.463132
10.588401,10.308986
10.469575,9.770013
10.553792,9.82558
11.004672,10.71444
10.725862,10.341775
11.10871,10.688051
10.752299,10.59666
10.057509,9.82558
10.347175,10.275085
10.159202,9.770013
10.263952,10.275085
10.445024,9.729194
10.62695,10.389026
10.695036,9.903538
10.854009,10.389026
10.232126,9.82558
10.822549,9.705097
10.064805,10.545368
10.365925,9.729194
10.880559,10.126671
10.956808,10.768506
10.737586,10.71444
10.737348,10.221977
11.208049,10.819798
10.715496,10.021315
10.33257,9.392745
10.325378,10.434145
10.960366,10.657283
10.187959,10.106469
10.756467,10.404293
10.695853,10.021315
10.286464,9.700208
10.377878,9.541154
10.324567,10.308986
10.764688,10.085851
10.726668,10.357775
10.3725195,9.852247
10.344468,9.7981825
10.80897,9.878221
10.835421,11.156265
10.490172,10.474495
10.860255,10.532123
11.010165,11.407576
11.043653,9.741028
10.180711,9.852247
10.965805,10.085851
10.989385,10.463132
10.975854,10.085851
10.895021,10.59666
11.174886,10.126671
10.611618,9.711176
10.33911,10.540091
10.519708,10.474495
10.490172,10.474495
10.30118,10.126671
11.288077,10.463132
11.157229,10.59666
11.271389,10.463132
10.781798,10.239996
9.885089,10.126671
10.453307,10.126671
10.632171,10.308986
10.474609,9.575053
10.253109,9.729194
10.322404,9.575053
10.581857,10.292179
10.555303,10.491302
10.7588415,11.407576
10.566915,9.65509
10.670697,10.308986
10.716929,10.165891
10.641362,10.221977
10.377175,9.852247
10.168532,9.928229
10.951106,10.571342
10.179909,9.64866
11.151578,10.747229
10.576591,10.71444
11.7081995,11.366755
10.297937,10.404293
10.283778,10.434145
10.227725,10.370393
10.685298,10.045031
10.750262,11.042938
10.860127,10.59666
10.382309,10.59666
10.430116,10.021315
10.721101,9.975855
10.639977,9.852247
10.817707,10.59666
10.83935,11.472114
10.873165,10.126671
10.649562,10.491302
10.978665,11.496806
10.510415,10.126671
11.007928,11.512936
10.347367,10.213285
10.175845,10.20474
10.5556135,10.385173
10.326985,11.041337
10.689068,10.308986
10.433843,9.903538
11.104636,11.184435
10.377807,10.126671
10.768762,11.512936
10.456307,10.422311
10.533792,10.457401
10.404927,9.3843775
10.444173,10.225607
10.458245,8.722417
10.377616,9.575053
10.413718,10.268166
10.622553,10.457401
10.697982,10.457401
10.743663,10.257694
10.482904,10.027473
10.317877,9.680407
10.415754,10.280999
10.427561,9.575053
10.168405,9.399058
10.123408,9.542302
10.329299,9.093919
10.569635,10.901948
10.189672,9.66396
10.253265,9.621721
10.757843,10.23351
10.764258,10.917812
10.887486,11.082158
10.719687,10.23351
10.736627,11.082158
10.903516,11.002116
10.488458,10.23351
10.561438,8.786762
10.650378,10.23351
10.84102,10.23351
10.561374,10.010366
10.60325,10.714973
10.518283,10.23351
10.561407,10.748776
10.616599,10.169767
10.2291155,9.597913
10.153956,9.71764
10.09519,9.71764
10.219039,11.0260935
10.651749,10.457401
9.9871025,9.583076
10.125056,9.406976
10.19157,10.754236
10.237514,9.583076
9.96935,9.2680435
10.073628,9.490167
10.066179,9.537844
10.470832,10.268166
10.573079,10.385944
10.685338,10.23351
10.469925,10.126671
10.528795,10.260008
10.569538,10.389026
10.790231,10.545368
10.868308,9.741028
10.8672,9.998843
10.932162,10.915107
10.522816,10.463132
10.8038435,10.915107
10.921742,10.915107
10.676403,10.021315
10.914383,9.606765
10.642242,11.320565
11.291053,11.289794
10.9595785,11.289794
11.520986,11.289794
11.120742,11.407576
10.98651,11.512936
10.903213,11.472114
10.99909,11.472114
11.130561,11.502885
10.99417,11.472114
10.819026,11.082158
10.662712,11.082158
10.699779,10.71444
10.759124,11.512936
11.039039,11.225257
10.605633,11.338584
10.59398,11.338584
10.778617,11.338584
10.746911,11.472114
11.146453,11.320565
11.159038,11.407576
10.513163,10.915107
10.728524,10.768506
10.892232,11.407576
11.617882,11.156265
10.920022,11.305299
11.289517,11.350418
11.180925,11.320565
10.902706,11.264477
10.959989,11.264477
11.14644,11.264477
10.776328,11.248973
10.756548,11.156265
10.5761595,11.156265
10.9423895,11.156265
11.177058,11.225257
10.93409,11.184435
10.427353,11.209127
11.134614,10.819798
10.874765,11.191356
10.6733885,11.082158
10.659161,11.225257
11.130605,11.082158
11.42517,11.184435
10.651357,11.184435
10.881341,11.097425
11.017003,11.050906
10.828261,11.156265
10.880788,11.156265
10.841874,10.819798
10.558698,11.082158
11.342452,11.156265
10.949932,10.915107
11.425771,11.119898
11.124065,11.002116
11.320302,11.082158
10.963482,11.082158
10.633203,10.71444
10.663537,10.819798
10.652534,10.819798
10.639539,10.71444
10.873754,11.273665
10.732586,11.248973
10.900138,11.0023
10.9104395,11.050906
10.612058,11.042938
10.9042425,11.002116
11.288539,11.002116
11.393859,10.959558
10.363805,11.082158
11.012663,10.959558
11.390534,11.002116
10.81693,10.8685875
10.971919,10.959558
10.955463,10.915107
10.809372,10.915107
11.060487,10.849357
10.781219,11.002116
10.774905,10.71444
10.710521,10.819798
10.646433,10.896758
11.281337,10.915107
10.7926235,10.959558
10.95597,10.8685875
10.987075,10.915107
10.839793,10.59666
10.972653,10.959558
10.58742,10.819798
10.840728,10.915107
11.123467,10.915107
10.510606,10.819798
10.84024,10.959558
10.928421,10.959558
10.768281,10.8685875
10.658826,10.959558
10.873812,10.434145
10.840234,11.002116
10.84807,10.915107
10.623441,11.115443
10.624647,10.874286
10.911096,11.086456
10.948664,10.736419
10.937093,10.819798
11.113275,10.8685875
11.256963,10.8685875
10.859169,10.819798
11.301282,10.915107
10.853877,10.819798
10.828811,10.768506
11.194667,10.768506
10.904962,10.915107
10.988412,10.915107
10.876788,10.819798
11.292065,10.819798
10.695598,10.915107
11.250984,10.819798
10.915608,10.819798
11.428318,10.221977
11.2480135,10.419331
10.8912525,10.8685875
10.5903425,10.819798
10.757631,10.325515
10.752282,10.827766
10.507113,10.78934
10.845729,10.680539
10.955422,10.989876
10.72116,10.609082
10.685793,10.819798
11.09361,10.71444
11.046727,10.657283
10.563625,10.308986
11.035779,10.558439
11.004384,10.819798
10.62054,10.532123
10.849376,10.59666
11.193627,10.768506
10.7232065,10.691968
11.14998,10.71444
10.889505,10.691968
10.594923,10.819798
10.46893,10.463132
10.486539,10.463132
10.962309,10.532123
11.0585375,10.71444
10.65433,10.657283
11.038281,10.799596
11.113514,10.819798
10.728337,10.1849375
10.571989,10.1849375
10.609402,10.477316
11.375311,10.768506
11.099391,10.71444
10.824398,10.71444
11.124896,10.126671
11.120296,10.768506
10.592158,10.936975
10.605622,10.747229
10.318355,10.357775
11.079532,10.680539
10.685179,10.59666
11.162831,10.657283
10.822883,10.657283
10.292811,10.59666
10.948634,10.59666
10.705036,10.59666
10.348571,10.71444
10.890725,10.71444
10.819726,10.59666
10.570996,10.511921
10.973897,10.59666
10.802149,10.59666
10.499417,10.532123
11.078464,10.657283
11.0138,10.657283
10.612613,10.768506
10.798593,10.59666
10.625552,10.71444
10.640443,10.59666
10.956973,10.59666
10.337145,10.59666
10.763879,10.532123
10.814456,10.71444
11.011834,10.657283
10.700191,10.633472
10.624852,10.021315
11.214261,10.532123
10.788737,10.657283
11.0979395,10.657283
10.754539,10.126671
11.020225,10.7232895
10.736394,10.657283
10.363164,10.385944
10.872281,10.59666
11.077715,10.59666
10.892407,10.657283
10.941794,10.59666
10.717249,10.657283
11.036212,10.532123
10.044545,9.472781
11.131724,10.657283
10.679944,10.59666
10.663025,10.59666
10.839068,10.657283
11.541367,10.633472
10.8156,10.558439
10.725528,10.633472
10.530099,10.633472
11.169185,10.571342
10.602619,10.80033
10.400816,10.558439
10.611394,10.518701
10.761855,10.673619
11.120257,10.778977
10.830532,10.491302
10.496526,10.621352
10.668011,10.558439
10.856029,10.657283
10.904096,10.558439
10.620686,10.735636
10.81009,10.463132
10.865994,10.463132
10.461053,10.532123
10.427079,10.532123
10.833597,10.571342
10.645728,10.463132
10.754338,10.532123
10.60751,10.59666
10.60499,10.463132
10.715043,10.463132
10.544356,10.463132
10.731335,10.463132
10.491115,10.389026
10.427215,10.59666
10.843677,10.532123
10.571279,10.463132
11.217494,10.463132
11.370191,9.903538
10.9297285,10.59666
10.589839,10.59666
10.930036,10.463132
10.827497,10.463132
10.850917,10.463132
10.720029,10.59666
11.348968,10.532123
10.440344,10.389026
10.700455,10.463132
10.604785,10.59666
11.067819,10.505095
10.799051,10.389026
10.654038,9.903538
10.496925,9.903538
10.902903,10.532123
10.40394,10.308986
10.594781,10.59666
11.017524,10.308986
10.450948,9.903538
10.417064,10.463132
10.820655,10.463132
10.547397,10.448744
10.485129,10.505095
10.455443,10.505095
10.625762,10.545368
10.490003,10.545368
10.329135,10.545368
10.895486,10.463132
10.803918,10.477316
10.616256,10.66693
10.689357,10.419331
10.577119,10.477316
10.531564,10.491302
10.499366,10.491302
10.770761,10.488743
10.62677,10.648871
10.628175,10.648871
10.640008,10.648871
10.826985,10.648871
10.709094,10.463132
10.657146,10.434145
10.579625,10.404293
10.619348,10.338544
10.453597,10.491302
10.749248,10.325515
10.686277,10.404293
10.356376,10.463132
10.543499,10.657283
10.461934,10.275085
10.676353,11.082158
10.48121,10.434145
10.620477,10.768506
10.367903,10.308986
10.695355,9.975855
10.760051,10.463132
10.395469,10.463132
10.660417,9.546884
10.637893,9.510519
10.702991,11.002116
10.58178,10.59666
10.39082,10.308986
10.485275,9.546884
10.550925,10.389026
11.53799,11.002116
10.541853,10.1849375
10.359101,10.463132
10.733508,10.389026
10.884107,11.289794
10.491317,11.225257
10.178566,10.021315
10.420598,9.862718
10.3274555,10.71444
10.534671,10.389026
10.512994,10.389026
10.609027,10.448744
10.867677,10.463132
10.551843,10.419331
10.880622,10.389026
10.507021,10.389026
10.566308,10.308986
10.643044,10.419331
10.335449,10.389026
10.696192,10.463132
10.72787,10.239996
10.334405,10.389026
11.000354,10.463132
10.686933,10.463132
10.280913,10.292179
10.678134,10.463132
10.847236,10.463132
10.541676,10.463132
10.530322,10.389026
10.557209,10.389026
10.524235,10.389026
10.500187,10.308986
10.593778,10.389026
10.2955065,10.292179
10.397532,10.308986
10.386677,10.308986
10.633714,10.308986
10.490885,10.389026
10.404202,10.308986
10.528843,10.434145
10.593117,10.389026
10.571065,10.389026
10.611374,10.389026
10.891446,10.389026
10.479188,10.289973
10.787197,10.389026
10.585291,10.389026
10.931794,10.308986
10.5828705,10.463132
10.433495,10.308986
10.467252,10.1849375
10.536975,10.389026
10.504687,10.463132
10.514369,10.373523
10.602159,10.275085
10.412447,10.434145
10.527839,10.434145
10.593667,10.357775
10.674319,10.357775
10.385144,10.357775
10.415171,10.275085
10.295783,10.308986
10.491994,10.165891
10.706432,10.126671
10.415855,10.308986
10.410275,10.1849375
10.535296,10.221977
10.2520075,10.221977
10.68209,10.308986
10.524396,10.221977
10.576847,10.308986
10.68494,10.308986
10.516118,10.308986
10.567908,10.275085
10.5530615,10.239996
10.456746,10.318045
10.365827,10.165891
10.566567,10.1849375
10.617475,10.146473
10.436393,10.1849375
10.444722,10.239996
10.545363,10.1849375
10.571696,10.221977
10.659938,10.239996
10.416293,10.434145
10.998717,10.2036295
10.475516,10.1849375
10.431266,10.165891
10.336068,10.165891
10.639468,10.126671
10.408656,10.146473
10.329833,10.064798
10.392038,10.2036295
10.4383745,10.146473
10.499591,10.165891
10.60061,10.126671
10.562942,10.126671
10.64845,10.064798
10.263582,10.085851
10.472257,10.043293
10.694353,10.126671
10.543937,10.064798
10.331949,9.770013
10.194917,9.770013
10.630234,9.964159
10.510578,9.839003
10.806983,10.021315
10.58443,10.021315
10.393176,10.126671
10.503943,10.126671
10.430978,9.903538
10.663011,10.126671
10.71829,10.126671
10.624911,10.308986
10.236445,10.126671
10.723069,10.021315
10.491476,9.852247
10.62531,10.021315
10.586614,10.021315
10.497781,10.126671
10.591889,10.021315
10.214074,10.021315
10.773347,10.043293
10.609789,10.021315
10.651278,10.021315
10.60673,10.064798
10.620572,10.021315
10.924752,10.021315
10.266619,9.770013
10.429809,10.064798
10.483193,10.085851
10.27697,9.998843
10.308438,9.998843
10.626955,10.085851
10.693271,9.7981825
10.366344,9.7981825
10.510552,9.998843
10.502787,10.021315
10.488988,10.043293
10.556094,9.7981825
10.637731,10.085851
10.780736,9.729194
10.623376,10.064798
10.50126,9.7981825
10.691481,10.05608
10.61887,9.975855
10.323035,9.921131
10.446828,9.770013
10.514619,9.952325
10.44019,9.952325
10.387233,9.952325
10.7766075,10.021315
10.512933,9.998843
10.746358,9.903538
10.300061,9.878221
10.19233,9.615872
10.283249,9.615872
10.314611,9.903538
10.514053,9.998843
10.357894,9.903538
10.366273,9.878221
10.498627,9.928229
10.397149,9.952325
10.424821,9.952325
10.555186,9.952325
10.437709,9.878221
10.488526,9.9223585
10.571393,10.06399
10.194633,9.911506
10.298493,9.903538
10.573243,9.878221
10.375392,9.770013
10.408431,10.221977
10.353011,9.903538
10.496886,9.680407
10.922399,9.903538
10.339382,9.903538
10.704837,9.903538
10.566859,9.903538
10.453313,9.769957
10.667752,9.741028
10.335271,9.741028
10.247275,9.741028
10.572222,9.7981825
10.3705225,9.7981825
10.46514,9.686637
10.639664,9.554001
10.582896,9.82558
10.3380995,9.546884
10.598483,9.546884
10.080049,9.7981825
10.378192,9.7981825
10.376581,9.766694
10.544536,9.741028
10.122509,9.770013
10.306212,9.697447
10.243708,9.581973
10.559758,9.546884
10.348704,9.624303
10.350041,9.615872
10.22372,9.615872
10.246385,9.510519
10.270093,9.615872
10.414239,10.357775
10.306846,9.488048
10.409343,9.510519
10.25488,9.546884
10.16445,9.510519
10.415757,9.453365
10.292142,9.601369
10.35329,9.587612
10.2947,9.159152
11.147478,11.181766
10.565628,9.218408
10.620585,10.863317
10.922719,10.021315
10.935034,9.770013
10.322781,10.165891
10.714936,11.191356
10.540772,11.156265
10.196513,9.958023
10.736295,9.903538
10.248103,10.292179
10.4910965,10.064798
10.288163,9.7981825
10.159459,9.7981825
10.2456255,9.903538
10.464133,9.903538
10.709704,9.615872
11.198874,10.463132
10.149579,9.615872
10.809623,9.903538
10.438594,9.615872
10.739164,10.126671
10.731347,10.126671
9.675822,9.210441
9.7896185,9.350189
9.548938,8.9227915
9.69568,8.657129
9.699965,9.210441
9.681073,10.59666
9.492465,9.210441
9.477658,8.9227915
9.334273,8.9227915
9.695237,9.210441
10.522182,11.156265
10.923702,11.225257
10.378045,10.268166
10.425214,10.268166
10.551896,10.275085
10.461381,9.903538
10.699737,9.998843
10.565746,10.457401
10.543548,10.389026
10.403359,10.422311
10.464667,9.903538
10.477033,10.043293
10.735721,10.021315
10.707669,10.532363
10.473739,9.966274
10.589574,10.621352
10.390019,10.876971
10.558551,10.343387
10.386441,10.06951
10.269928,9.621589
10.604424,11.156265
10.896364,10.408858
10.906006,10.603834
10.906006,10.535769
10.999889,10.383565
10.526235,10.029503
9.972036,9.492582
10.463233,10.25418
10.575974,10.59666
10.726101,10.59666
10.570157,10.59666
10.530383,11.225257
10.76992,11.461642
11.273795,10.463132
10.958184,11.512936
10.633861,10.915107
10.643567,10.71444
11.098956,11.082158
10.655883,10.71444
10.276328,9.685393
10.855709,10.8685875
10.811599,11.143614
10.557022,10.268166
10.669299,9.575053
10.622233,9.615872
10.539041,10.165891
10.612851,9.768412
10.711244,10.165891
10.306813,10.165891
10.611548,9.768412
10.503009,9.768412
10.5456915,10.146473
10.281192,9.384714
10.475011,10.106469
10.542594,9.768412
10.596324,10.657283
10.8480835,10.167811
10.643201,10.221977
9.938432,10.504547
11.341338,10.085851
10.363291,9.554143
10.741702,10.1849375
10.287238,9.554143
11.571654,10.234265
10.055208,10.504547
10.7182665,10.146473
10.736974,10.239996
11.451299,10.738156
10.430881,10.308986
11.52786,10.892303
11.208421,10.332702
11.339946,10.837245
10.419768,10.085851
11.263955,10.818197
10.892289,10.308986
11.513536,11.115443
11.270509,10.855937
10.788783,10.657283
10.551202,10.621352
10.307862,10.1849375
11.287265,10.651147
10.648569,10.778977
10.620396,10.778977
10.441103,10.126671
10.657912,10.727685
10.884124,11.264477
10.322015,9.975855
11.227087,11.042938
10.200048,10.126671
10.530228,10.126671
10.352967,9.680407
10.998532,10.633472
10.8767605,10.657283
10.86041,10.404293
10.5422945,10.308986
10.781686,10.389026
10.367326,9.852247
10.879942,10.819798
10.760319,10.819798
10.651758,10.357775
10.963735,10.819798
10.577945,10.126671
11.364735,10.71444
10.690146,10.064798
10.969489,10.308986
10.689942,10.532363
10.78295,10.532363
10.497465,10.71444
10.49488,10.389026
10.656936,10.389026
10.604603,10.59666
10.561968,11.002116
11.168214,10.71444
10.659865,10.959558
11.046424,11.289794
10.459168,10.633472
10.4680605,10.221977
10.751634,10.555839
10.441829,10.491302
10.547133,10.558439
10.626722,10.239996
10.675982,10.609082
10.438353,9.711176
10.434484,10.275085
10.758753,10.341775
10.662467,9.711176
11.103191,10.2036295
10.545175,10.221977
10.697206,10.463132
10.313539,9.741028
10.69633,10.747229
10.647598,10.768506
10.529951,10.915107
10.7693,10.959558
10.660113,11.042938
10.899417,10.308986
10.354903,11.082158
10.642589,10.126671
10.610204,10.59666
10.685242,10.1849375
10.7743025,10.78934
10.411816,10.085851
11.038986,10.896758
10.739797,10.736419
10.870382,10.524091
10.58022,10.545368
10.835466,10.463132
10.577644,10.357775
10.565047,11.119898
10.611323,11.082158
10.841085,10.819798
10.503816,10.1849375
11.122955,10.71444
10.650573,10.463132
10.935566,10.757924
10.388387,10.043293
10.586658,10.657283
10.525053,10.085851
10.473411,9.975855
10.699069,10.657283
10.470414,10.59666
10.266341,9.975855
10.512891,9.495594
10.50573,9.746892
10.545058,10.532123
10.355554,10.126671
10.764854,10.239996
10.648626,10.571342
10.346215,9.7981825
10.346215,9.581973
10.839566,10.657283
10.766462,11.350418
10.459469,11.289794
10.895864,10.432379
11.043214,10.463132
11.252736,11.082158
10.730708,8.818926
10.456058,10.066923
11.206883,10.348206
10.658694,10.348206
10.880372,9.903538
10.767451,10.537442
10.704434,9.903538
10.708355,10.537442
10.213267,9.680407
10.393847,10.463132
9.964042,9.615872
10.645108,9.472781
10.928226,10.537442
10.863819,10.537442
10.802665,10.463132
10.539403,10.308986
11.033361,9.431963
10.30135,10.126671
9.869659,9.7981825
10.219155,9.903538
10.603405,10.308986
10.661265,10.239996
10.634004,10.71444
10.412235,10.2036295
10.441253,10.2036295
10.941199,11.066654
10.80152,10.537442
10.752782,10.59666
10.601045,9.7981825
10.846751,10.537442
10.835746,10.165891
10.734202,10.819798
10.897321,10.545368
10.773707,10.71444
11.018134,10.59666
10.652562,10.463132
10.577277,10.389026
10.176211,9.952325
10.625033,10.157859
11.487842,10.819798
10.785563,10.545368
10.604427,11.350418
11.402738,9.903538
11.022088,10.463132
9.970337,9.770013
10.163376,9.546884
10.398225,9.679907
10.925596,10.915107
10.346241,11.350418
10.740331,10.571342
11.277326,10.915107
10.976362,10.59666
10.655923,10.336957
9.88355,9.730978
10.660823,10.915107
10.704512,10.537442
10.453555,10.5355835
11.051015,10.308986
10.973554,11.002116
11.11859,11.082158
10.558929,11.225257
10.665816,11.350418
10.6894865,11.350418
10.44305,9.998843
10.603756,9.809232
10.747117,10.537442
10.951372,10.463132
10.56392,10.502352
10.657855,10.308986
10.412795,10.126671
10.535724,10.545368
10.659215,10.545368
10.359117,10.545368
10.507892,10.502352
10.718579,10.537442
10.14882,10.126671
10.306346,9.852247
10.395434,10.126671
10.847998,10.59666
10.605212,10.59666
10.728898,10.502352
10.528123,10.571342
10.49255,10.502352
10.291524,10.448744
10.794253,10.571342
10.076365,9.838202
10.1873665,9.741028
9.850687,9.998843
10.571145,10.308986
11.236381,10.915107
10.581292,10.308986
10.227257,9.852247
10.709666,11.476894
10.273246,10.308986
10.730052,10.463132
10.457776,10.59666
10.615711,10.502352
10.408162,10.571342
10.49255,10.502352
10.285041,9.729194
10.204841,9.729194
10.506002,9.729194
11.259032,11.289794
11.377889,11.289794
10.840172,11.289794
11.397031,11.289794
10.925059,11.289794
11.091542,11.918397
10.727391,11.097425
10.707162,11.461642
10.873666,11.608245
10.729535,11.289794
10.662632,11.258046
11.008692,11.4876175
10.8074,11.472114
10.715821,11.413116
10.857671,11.496806
10.790072,11.407576
10.880239,11.407576
11.191649,11.407576
11.036992,11.350418
11.098545,11.407576
10.785161,11.434975
10.923784,11.156265
10.313758,10.959558
11.110555,11.156265
10.56602,11.156265
11.039047,11.446796
11.089585,11.407576
10.784135,11.420821
10.734041,11.407576
11.173188,11.407576
10.824118,11.440366
10.786073,11.407576
10.629938,11.472114
10.847762,11.407576
10.794068,11.338584
10.637034,11.407576
11.311913,11.350418
10.736233,11.407576
10.440757,11.352769
10.95618,11.289794
10.707306,11.373675
11.357629,11.289794
11.136907,11.407576
10.742171,11.407576
10.673753,11.320565
11.265934,11.320565
11.60346,11.350418
10.660623,10.71444
10.619878,10.1849375
10.687713,11.225257
10.734559,11.138247
11.067733,11.305299
10.95419,11.366755
11.0262375,11.258046
11.291104,11.258046
10.887199,11.191356
10.79687,11.258046
11.03106,11.119898
11.608087,11.258046
10.964773,11.366755
10.894624,11.264477
10.865854,11.264477
10.61675,11.264477
11.240362,11.338584
10.815105,11.338584
10.589204,11.184435
11.295638,11.184435
10.796879,11.184435
11.071084,11.338584
10.631237,11.472114
11.138572,11.256755
11.078824,11.082158
11.258786,11.289794
11.20004,11.191356
10.662966,11.156265
10.724909,11.082158
10.857842,11.156265
11.291492,11.225257
11.31186,11.156265
10.903909,11.156265
11.031189,11.225257
11.122987,11.156265
11.202107,11.225257
10.985288,11.289794
10.655074,11.156265
11.084324,11.082158
10.820218,11.289794
10.79195,11.258046
10.875303,11.225257
10.707324,11.225257
10.819769,10.915107
10.987579,11.217225
11.050752,11.233225
10.652688,11.200964
11.151986,11.184435
11.073233,11.225257
10.961221,11.225257
10.614314,11.097425
10.738444,11.366755
10.50549,11.366755
10.50549,11.366755
10.970329,11.248973
10.633403,10.959558
10.655078,10.915107
11.196901,11.156265
11.28272,11.082158
10.94918,11.225257
10.80199,11.156265
10.756962,11.156265
11.131909,10.71444
10.835052,11.156265
10.866466,11.156265
11.044915,11.156265
11.144163,11.119898
10.843223,10.959558
10.801961,10.959558
11.117446,11.082158
11.037699,11.225257
10.885985,11.021919
11.084602,11.1346035
11.506528,11.141876
10.921663,11.184435
11.111476,11.184435
11.107205,11.002116
11.208789,11.156265
10.879159,10.915107
10.7693615,11.156265
11.199443,11.119898
10.771752,11.082158
11.002913,10.959558
10.848526,11.156265
10.63077,11.082158
11.076442,11.082158
11.222739,11.082158
10.657016,11.002116
11.539336,11.119898
10.813331,11.002116
11.221486,11.042938
11.189668,11.042938
10.58748,11.082158
10.76488,11.002116
11.1102705,11.002116
10.743361,11.002116
11.187535,11.002116
10.680618,11.156265
10.719568,11.082158
10.717441,11.156265
10.824675,11.082158
11.22562,11.119898
11.411786,11.119898
11.326177,10.8685875
10.609668,11.184435
10.839351,10.961295
10.598774,11.248973
10.636311,11.248973
10.6072645,11.184435
10.714936,11.248973
10.621413,11.248973
10.64121,11.115443
10.624625,11.248973
11.134569,11.031674
10.800155,11.088293
10.976079,11.082158
11.227759,10.959558
10.665076,10.915107
11.193535,10.959558
10.905427,11.082158
11.028384,11.042938
10.735786,11.082158
10.922639,11.042938
11.057555,11.082158
11.273185,10.959558
10.524847,11.082158
11.3067465,11.082158
11.05619,10.8685875
10.867687,10.959558
10.76578,11.082158
11.131944,11.042938
10.874297,10.389026
10.741144,11.002116
10.626941,10.8685875
10.588561,11.002116
10.859791,10.915107
10.846554,10.915107
10.948744,10.915107
10.948105,11.002116
10.707028,11.002116
10.998633,11.082158
10.969951,11.079077
10.973576,10.896758
11.089967,11.079077
10.946276,10.959558
10.855787,10.959558
10.853141,10.937579
10.845949,10.574542
11.317926,10.946428
10.6362295,10.817797
10.900353,10.915107
10.768169,10.915107
10.481609,11.002116
11.16055,10.959558
10.9395685,10.915107
10.331681,11.002116
10.7145815,10.915107
10.862781,10.819798
10.953645,10.959558
11.118646,10.8685875
11.160195,10.915107
10.731008,10.915107
10.679989,10.8685875
10.579188,10.8685875
10.75578,10.8685875
11.068162,10.819798
11.155972,10.308986
11.057271,10.896758
11.236389,10.691968
11.020087,10.71444
11.075622,10.959558
11.169978,11.002116
11.125539,11.002116
10.684281,10.915107
10.695948,10.915107
11.053916,10.959558
10.936696,10.915107
10.491065,10.915107
10.666893,10.8685875
10.8138275,10.819798
11.477514,10.915107
11.211017,10.915107
10.807776,10.819798
10.69118,10.915107
10.577633,10.308986
11.202227,10.915107
10.607881,10.959558
11.331209,10.959558
10.98608,10.915107
10.581487,11.002116
10.820883,10.915107
10.8711605,10.8685875
10.849467,10.915107
10.780514,10.819798
10.557935,10.819798
10.584662,10.915107
10.895583,11.002116
10.990794,10.819798
10.769961,10.915107
10.859372,11.002116
10.845256,10.915107
10.831271,11.002116
10.780497,10.968216
11.132787,10.8685875
11.100669,10.915107
11.003928,10.819798
11.00784,11.041337
10.840765,11.010084
10.840749,10.961295
10.73393,10.961295
10.704415,11.093782
10.842227,11.115443
10.684667,10.924156
10.631835,10.849357
10.94118,10.918736
10.692826,10.887456
10.937789,10.950824
11.216151,10.839601
11.445945,10.839601
11.232536,10.839601
11.462331,10.839601
10.88022,10.78934
10.671273,10.878066
10.696406,10.944489
10.610669,10.851296
10.852755,10.71444
11.254474,10.819798
10.759646,10.819798
10.546719,10.768506
10.74368,10.915107
10.828317,10.819798
10.728358,10.819798
10.8897915,10.8685875
10.701909,10.768506
11.142606,10.819798
10.465887,10.819798
10.632605,10.71444
10.680003,10.915107
10.676402,10.768506
10.777165,10.819798
11.024704,10.819798
11.273394,10.768506
11.331157,10.819798
10.868836,10.8685875
11.106511,10.789319
10.832383,10.915107
10.66816,10.915107
10.709638,10.8685875
10.771325,10.915107
10.833222,10.915107
10.610476,10.819798
10.469423,10.8685875
10.732177,10.768506
10.713628,10.819798
10.674823,10.8685875
10.758912,10.819798
10.314729,10.915107
11.493747,10.768506
10.771058,10.819798
10.8291025,10.71444
10.673657,10.768506
10.709004,10.819798
10.800095,10.809748
10.931308,10.839601
10.571272,10.896758
10.830428,10.896758
10.747031,11.025832
10.984738,10.878066
10.864649,10.827766
11.087981,10.874286
11.406788,10.736419
10.709783,10.819798
10.818343,10.719848
10.777851,10.719848
10.873197,10.892303
10.820603,10.874286
10.875366,10.855937
10.792878,10.874286
10.97104,10.874286
10.335763,10.532123
11.307408,10.71444
10.732839,10.657283
10.745907,10.768506
10.825775,10.768506
10.877322,10.59666
10.547311,10.463132
10.545321,10.463132
10.991633,10.71444
10.695861,10.768506
11.303088,10.71444
10.789664,10.71444
10.9038515,10.819798
10.838761,10.71444
10.821557,10.819798
10.797444,10.768506
11.1332445,10.71444
10.895371,10.657283
10.772178,10.819798
10.666106,10.71444
11.385993,10.768506
11.060189,10.59666
10.602699,10.819798
10.877929,10.691968
10.855532,10.71444
10.806806,10.71444
10.749633,10.819798
11.137319,10.71444
10.926725,10.819798
10.75789,10.59666
10.909282,10.819798
11.0962,10.819798
10.2728815,10.819798
10.600257,10.819798
10.333453,10.819798
10.7981,10.768506
11.20189,10.71444
10.6173115,10.768506
10.7015505,10.799596
10.73875,10.819798
10.398719,10.768506
10.53439,10.71444
10.633019,10.532123
10.937615,10.59666
10.57712,10.657283
10.903176,10.768506
10.935843,10.768506
10.462415,10.657283
10.839608,10.71444
11.228416,10.71444
10.968432,10.657283
11.040299,10.71444
10.592056,10.404293
10.68262,10.736419
10.814955,10.819798
11.032485,10.768506
10.384202,10.463132
10.384202,10.463132
10.8069105,10.768506
10.937036,10.71444
10.893132,10.819798
10.947294,10.768506
11.021016,10.819798
10.78831,10.768506
10.663612,10.768506
10.978145,10.71444
10.698192,10.768506
10.484018,10.657283
11.050381,10.71444
11.104954,10.768506
10.877357,10.768506
10.885108,10.819798
11.054418,10.71444
11.075603,10.71444
11.248682,10.768506
10.955038,10.71444
10.856342,10.71444
11.030629,10.819798
10.781049,10.768506
10.636218,10.819798
11.212469,10.768506
11.276619,10.768506
10.660098,10.768506
11.107874,10.768506
10.760331,10.819798
11.004397,10.71444
11.138351,10.799596
10.584399,10.757924
10.608028,10.708869
10.770265,10.927394
10.946862,10.927394
11.091827,10.645449
10.439519,10.645449
10.572135,10.778977
10.805768,10.491302
10.672549,10.778977
10.901896,10.727685
10.947318,10.736419
11.368697,10.778977
10.930902,10.778977
10.806182,10.7987795
10.919248,10.741838
10.597242,10.680539
10.746133,10.621352
10.669432,10.736419
10.676651,10.571342
10.9573145,10.609082
10.787763,10.517348
10.818784,10.517348
11.865008,10.668979
10.785261,10.706095
11.008809,10.532123
10.805909,10.609082
10.911082,10.59666
10.54387,10.532123
10.719806,10.59666
10.583507,10.59666
10.790191,10.532123
10.378202,10.532123
10.9535475,10.532123
10.830488,10.463132
10.927719,10.532123
10.979281,10.71444
10.872845,10.657283
11.241173,10.71444
10.773702,10.657283
10.584026,10.657283
10.505569,9.975855
10.958373,10.404293
10.850545,10.71444
11.086766,10.657283
10.4170065,9.852247
10.503854,10.657283
10.554477,10.609082
10.706471,10.657283
10.484998,10.71444
10.877469,10.59666
10.796063,10.633472
10.70419,10.59666
11.144222,10.657283
10.777959,10.59666
11.16324,10.633472
11.086341,10.71444
11.100425,10.532123
10.818936,10.59666
10.855098,10.532123
11.302812,10.59666
10.736235,10.532123
11.082278,10.657283
11.011643,10.657283
10.682136,10.59666
10.584632,10.657283
10.745524,10.59666
10.742689,10.657283
10.907918,10.657283
11.150315,10.59666
10.651692,10.657283
10.678914,10.71444
11.2148695,10.657283
10.817772,10.657283
10.805667,10.59666
10.803399,10.71444
11.141635,10.59666
10.709854,10.657283
10.593421,10.71444
10.683335,10.657283
10.87228,10.657283
10.944068,10.71444
10.87915,10.59666
10.746945,10.59666
10.784732,10.657283
10.711204,10.71444
10.685522,10.657283
10.909644,10.657283
10.751672,10.657283
10.934823,10.532123
10.540185,10.59666
10.98146,10.657283
10.9055,10.657283
11.218455,10.59666
11.254085,10.657283
10.87767,10.657283
11.170626,10.657283
10.831641,10.657283
10.830129,10.71444
10.644998,10.657283
10.849431,10.71444
10.6897135,10.657283
10.782676,10.71444
10.598751,10.357775
10.647449,10.657283
10.966619,10.657283
10.804999,10.021315
10.914107,10.633472
10.959992,10.657283
10.8219,10.59666
10.662538,10.71444
10.597648,10.657283
10.919401,10.59666
10.942351,10.657283
10.795248,10.59666
10.748792,10.59666
11.073596,10.658505
10.877861,10.699417
10.80731,10.633472
11.153428,10.645449
11.093976,10.691968
10.661225,10.758775
10.711533,10.778977
10.672579,10.778977
11.046902,10.778977
10.84339,10.758775
10.699555,10.778977
10.742545,10.738156
10.614546,10.555839
11.043881,10.778977
10.853808,10.778977
10.781862,10.673619
10.648709,10.609082
11.395431,10.505095
10.574916,10.59666
10.829306,10.633472
10.758767,10.609082
10.820978,10.786531
10.924586,10.758775
10.853639,10.758775
10.64313,10.717103
10.889569,10.695598
10.557499,10.695598
10.639185,10.609082
10.642051,10.717103
10.702334,10.463132
10.745812,10.571342
10.934439,10.491302
10.789033,10.645449
10.672213,10.738156
10.981853,10.758775
10.783388,10.695598
10.784367,10.717103
10.6451845,10.717103
10.630418,10.59666
10.629797,10.5836
10.88816,10.609082
10.857121,10.477316
10.832317,10.584082
11.183589,10.621352
10.9094,10.616462
10.449239,10.730204
10.861848,10.532123
10.682913,10.532123
10.626578,10.59666
11.068971,9.903538
10.70488,10.463132
10.880016,10.463132
10.386972,10.59666
10.810306,10.59666
10.40641,10.463132
10.716468,10.463132
10.674642,10.532123
10.566323,10.532123
10.939094,10.59666
10.880977,10.59666
10.484395,10.275085
10.89843,10.532123
10.763247,10.59666
10.658744,10.463132
10.617875,10.463132
10.582639,10.532123
10.85292,10.558439
11.204232,10.532123
10.847865,10.532123
10.855718,10.463132
10.708217,10.532123
10.579013,10.463132
10.820802,10.064798
10.48106,9.903538
11.198613,9.903538
10.647098,10.463132
10.564475,10.419331
10.472841,10.59666
10.948426,10.463132
10.527909,10.59666
10.896733,10.532123
10.620978,10.463132
10.91217,10.59666
10.7748575,10.463132
10.669787,10.434145
10.71082,10.463132
10.674254,10.463132
10.546828,10.389026
10.932149,10.463132
10.799703,10.49269
10.698134,10.389026
10.796766,10.59666
10.8407135,10.532123
10.656976,10.463132
10.499825,10.532123
11.097947,10.532123
10.798135,10.463132
10.841216,10.532123
10.606509,10.532123
10.742412,10.59666
11.040944,10.389026
10.802492,10.389026
10.975661,10.59666
10.821164,10.532123
10.521238,10.532123
10.780711,10.463132
10.979697,10.463132
10.869102,10.59666
10.581694,10.59666
10.470951,10.532123
10.643758,10.463132
10.775986,10.59666
10.877721,10.463132
10.744487,10.463132
10.802396,10.308986
10.784552,10.532123
10.576939,10.463132
10.694116,10.59666
10.451198,10.463132
10.651727,10.532123
10.723046,10.463132
10.574106,10.59666
10.55581,10.308986
10.757671,10.463132
11.30702,10.463132
11.028947,10.59666
10.858004,10.463132
11.5349245,10.463132
11.036521,10.558439
10.596755,10.463132
10.624683,10.434145
10.832501,10.532123
10.726681,10.463132
10.733016,10.532123
10.861114,10.463132
10.877753,10.59666
11.042723,10.463132
10.899302,10.532123
10.887561,10.463132
10.999194,10.571342
10.962815,10.463132
10.854958,10.532123
10.5080805,10.532123
10.679727,10.558439
10.830464,10.518701
10.953334,10.571342
10.630136,10.532123
10.786893,10.695598
10.6988535,10.695598
10.504556,10.628158
10.572369,10.385944
10.832173,10.555839
11.018747,10.55391
10.633382,10.477316
10.91953,10.491302
10.792762,10.477316
11.039214,10.434145
10.612163,9.852247
10.396314,9.8705
11.01789,10.463132
10.667237,10.505095
10.899125,10.545368
10.998608,10.404293
10.629686,10.404293
10.894649,10.505095
10.441874,10.545368
10.942708,10.434145
11.123984,10.545368
10.459313,10.545368
10.843513,10.566201
10.746324,10.524091
11.01131,10.518701
11.18909,10.477316
11.39981,10.419331
10.479703,10.463132
11.086188,10.518701
11.064217,10.491302
10.825072,10.463132
11.014778,10.448744
10.580159,10.518701
10.792077,10.518701
10.645613,10.621352
10.77227,10.498222
10.891822,10.491302
10.76553,10.419331
10.453753,10.518701
10.977891,10.491302
10.574684,10.325515
10.524064,10.257694
10.68867,10.419331
10.630938,10.419331
10.946544,10.651147
10.798482,10.391331
10.380338,10.491302
10.72779,10.41184
10.707734,10.385944
10.896328,10.422311
10.402942,10.477316
10.640486,10.419331
10.527236,10.308986
10.810517,10.422311
10.795415,10.448744
10.650626,10.404293
10.778459,10.488604
10.844915,10.487573
10.921039,10.504547
10.63837,10.604628
10.664504,10.580531
10.699623,10.389026
10.949378,10.463132
10.528087,10.389026
10.364498,10.357775
10.661805,10.389026
10.82579,10.341775
10.854178,10.341775
10.34035,10.463132
10.724773,10.389026
10.199691,10.463132
10.657888,10.389026
10.90495,10.419331
10.523355,10.1849375
11.105088,10.389026
10.704199,10.357775
10.666663,10.434145
10.815374,10.389026
11.105058,10.419331
10.439691,10.308986
10.596019,10.389026
10.327893,10.389026
10.912242,10.389026
10.746978,10.389026
10.474683,10.239996
10.574095,10.434145
10.492752,10.308986
10.777703,10.308986
10.510425,10.308986
10.441716,10.308986
10.78893,10.36568
10.541599,10.463132
10.731313,10.308986
11.283589,10.308986
10.390336,9.770013
11.101434,10.308986
11.391425,10.463132
10.420432,10.463132
10.575377,10.308986
10.769185,10.308986
10.743398,10.389026
10.925818,10.221977
10.501843,10.389026
10.705731,10.357775
10.865547,10.419331
10.425156,10.308986
10.493303,10.463132
10.40598,10.341775
10.808258,10.308986
10.184931,10.389026
10.623609,10.463132
10.362307,10.308986
10.905872,10.463132
10.892644,10.389026
10.650557,10.419331
10.831837,10.357775
10.396639,10.15448
10.83673,10.389026
10.663997,10.463132
10.87033,10.389026
10.3861885,10.357775
10.825217,10.389026
10.413867,10.419331
10.6623745,10.463132
10.405448,10.463132
10.811811,10.308986
10.343678,10.419331
10.602799,10.463132
10.973588,10.389026
10.52129,10.463132
10.470946,10.463132
10.791243,10.389026
10.410827,10.308986
10.852171,10.463132
10.562753,10.463132
10.582973,10.389026
10.186427,10.389026
10.795757,10.308986
10.691991,10.463132
10.746314,10.463132
10.817242,10.389026
11.036885,10.450684
10.762542,10.342999
10.644893,10.325515
10.52541,10.341775
10.773816,10.357775
10.7986555,10.373523
10.48251,10.434145
10.599156,10.373523
10.683492,10.434145
10.527812,10.434145
10.861193,10.341775
10.482243,10.106469
10.602232,10.373523
10.545069,10.341775
10.696002,10.434145
10.515024,10.434145
10.929502,10.346505
10.787944,10.422311
10.508405,10.422311
11.001319,10.275085
10.636851,10.357775
10.449149,10.357775
10.519797,10.357775
10.666354,10.357775
10.72682,10.404293
10.907655,10.275085
10.839353,10.341775
10.5774555,10.308986
10.964296,10.373523
10.248297,10.389026
10.786093,10.341775
10.143459,10.257694
11.166094,10.373523
10.82433,10.221977
10.550632,10.308986
10.75793,10.292179
10.857465,10.257694
10.624614,10.341775
10.643058,10.292179
10.292082,10.292179
10.484593,10.275085
10.330028,10.287287
10.599669,10.267158
10.174145,10.268166
11.077794,10.308986
10.636806,10.134639
10.80498,10.292179
11.286938,10.275085
10.637665,10.341775
10.425263,10.341775
10.180934,10.341775
10.8519945,10.308986
10.626303,10.292179
10.9571495,10.292179
10.9182205,10.300618
10.764129,10.292179
10.143563,10.275085
10.60304,10.422311
10.234456,10.450481
10.509556,10.313973
10.787395,10.126671
10.617033,10.043293
10.612794,10.221977
10.978513,10.308986
10.297265,10.275085
10.865075,10.308986
10.82234,10.308986
10.759063,10.257694
10.683904,10.257694
10.384578,10.275085
10.736946,10.308986
11.042193,10.308986
10.214816,10.126671
10.249114,10.221977
10.539691,10.2036295
10.69517,10.221977
10.6208935,10.106469
10.580877,10.2036295
10.67258,10.308986
10.699687,10.248884
10.537808,10.275085
10.26101,10.257694
10.612581,10.221977
10.942379,10.221977
10.404,10.126671
10.512045,10.308986
10.525901,10.126671
10.617584,10.308986
10.628068,10.275085
10.7572,10.275085
10.800624,10.239996
10.574562,10.308986
10.345515,10.257694
10.840835,10.221977
10.4780655,9.615872
10.748517,10.221977
10.347997,10.1849375
10.568934,10.308986
10.614457,10.221977
10.684259,10.292179
10.774266,10.126671
10.67207,10.126671
10.593724,10.126671
10.638126,10.308986
10.44956,10.292179
10.413337,10.221977
10.659734,10.221977
10.651515,10.221977
10.439825,10.308986
10.731593,10.221977
10.394851,10.221977
10.100262,10.021315
10.58793,10.021315
10.884955,10.021315
10.333773,10.126671
10.866402,10.308986
10.558835,10.308986
10.687207,10.221977
10.5978365,10.221977
10.828797,10.308986
10.426156,9.999752
10.89663,10.275085
10.347363,10.126671
10.662783,10.308986
10.795926,10.257694
10.792022,10.308986
10.474463,10.126671
10.734911,10.126671
10.539134,10.221977
10.453026,10.2036295
10.846152,10.221977
10.713698,10.308986
10.654843,10.308986
10.549612,10.308986
10.66706,10.221977
10.495667,10.275085
10.871032,10.221977
10.567618,10.221977
10.762523,10.126671
10.795098,10.308986
10.097762,10.308986
10.770814,10.165891
10.745439,10.308986
10.842459,10.126671
10.785889,10.221977
10.59476,10.126671
10.439645,10.275085
10.648538,10.275085
10.530541,10.308986
10.795373,10.308986
10.792022,10.308986
11.10217,10.126671
10.604061,10.232647
10.457828,10.251959
10.827098,10.239996
10.394697,10.275085
10.436819,10.275085
10.371959,10.292179
10.853444,10.2036295
10.67788,10.2036295
10.6369095,10.275085
10.6602335,10.268166
10.835248,10.085851
10.798848,10.181157
10.349917,10.181157
10.574151,10.239996
10.777303,10.221977
10.662419,10.239996
10.690812,9.987415
10.437366,10.2036295
10.825618,10.106469
10.462546,10.126671
10.63638,10.126671
10.654139,10.239996
10.551076,10.239996
10.165566,10.239996
10.676164,10.1849375
10.541959,10.126671
10.76325,10.1849375
10.458549,10.126671
10.659938,10.156229
10.371177,10.2036295
10.702241,10.1849375
10.499909,9.987415
10.542951,10.1849375
10.75883,10.1849375
10.638639,10.085851
10.726411,10.146473
10.603299,10.126671
10.67106,10.2036295
10.90882,10.165891
10.662778,10.165891
11.4220495,10.2036295
10.718066,10.1849375
10.423093,10.2036295
11.108306,10.1849375
10.938094,10.221977
10.929978,10.1849375
10.490662,10.2036295
10.6606,10.239996
10.535762,10.165891
10.97247,10.239996
10.595233,10.1849375
10.207778,10.1849375
10.227158,10.175459
10.577266,10.2036295
10.654922,10.434145
10.702754,10.165891
10.634233,10.176601
10.399028,10.10238
10.357923,10.085851
10.479976,10.077441
11.274831,10.182822
10.445476,10.165891
10.61156,10.1849375
10.649358,10.10553
10.539182,10.2036295
10.5486,10.2036295
10.862198,10.2036295
10.673063,10.165891
10.445184,10.165891
10.721065,10.2036295
10.586873,10.165891
10.547167,10.2036295
10.583541,10.126671
11.144493,10.2036295
10.616523,10.106469
10.621781,10.126671
10.489285,10.146473
10.631307,10.165891
10.622453,10.156229
10.197438,10.106469
10.397542,10.165891
10.586209,10.221977
10.478644,10.2036295
10.171264,10.332702
10.353236,10.045031
10.582349,10.193991
10.402526,10.042206
10.899802,10.134639
10.619928,10.174964
10.477227,10.172025
10.477227,10.172025
10.410828,9.98539
10.751399,10.146473
10.543548,10.165891
10.671416,10.142544
10.90441,10.165583
10.461438,10.106469
10.83389,10.165891
10.574101,10.126671
10.582163,10.126671
10.697817,10.019091
10.784081,10.126671
10.688609,10.043293
10.6832075,10.146473
11.1457815,10.165891
10.525977,10.043293
10.604305,10.085851
10.463578,9.987415
10.837905,10.126671
10.676998,10.106469
10.691548,10.165891
10.443881,10.126671
10.797595,10.146473
10.052711,10.069044
10.831496,10.126671
10.525033,10.043293
10.226489,10.146473
10.355332,10.165891
10.651855,10.021315
10.44929,10.165891
10.591226,9.987415
10.688592,10.085851
10.242112,10.137888
10.488745,10.153195
10.425223,10.145374
10.498219,10.268166
10.866988,10.134639
10.832868,10.126671
10.886973,10.146473
10.359997,10.064798
10.428431,10.021315
10.906066,10.021315
10.500144,10.064798
10.803933,10.126671
11.196527,10.085851
10.655167,10.021315
10.490914,10.021315
10.83166,10.308986
10.636262,10.021315
10.355707,10.043293
10.709089,10.064798
10.761966,10.126671
10.712934,9.581973
10.448137,10.126671
10.516521,9.878221
10.552083,10.126671
10.443072,10.021315
10.583873,9.952325
10.455386,10.126671
10.422958,10.021315
10.643052,9.852247
10.384677,10.126671
10.397211,10.021315
10.568192,10.126671
10.338634,10.221977
10.704619,10.021315
10.77787,10.085851
10.30711,10.085851
10.224889,10.126671
11.017377,10.126671
10.773526,10.021315
10.670747,10.064798
10.807534,10.064798
10.333341,10.106469
10.330912,9.839003
10.4461775,9.839003
10.788931,10.126671
10.582094,9.975855
10.702344,10.126671
10.478305,9.975855
10.551465,10.021315
10.389566,10.021315
10.767862,10.064798
10.401416,10.021315
10.5170965,9.975855
10.943273,9.903538
10.406645,10.064798
10.59162,10.021315
10.914385,10.126671
10.484953,10.126671
10.417487,9.975855
11.474427,10.126671
10.560403,10.021315
10.297258,10.221977
10.7443905,9.975855
10.255866,10.021315
10.4230585,10.126671
10.429736,9.433564
10.226901,10.126671
10.887774,10.085851
10.980301,10.021315
10.303052,10.021315
10.206494,10.085851
10.3097315,9.975855
10.80999,10.106469
10.575379,10.043293
10.513318,9.903538
10.734361,9.852247
10.426157,10.043293
11.150265,10.126671
10.462341,10.126671
10.306362,10.021315
10.690467,10.059679
10.544356,10.112451
10.486299,10.216874
10.688554,9.392745
10.500909,10.085851
10.594689,10.043293
10.778576,10.043293
10.421761,10.043293
10.70036,10.085851
10.537465,10.043293
10.871283,10.085851
10.440007,10.085851
10.432042,9.952325
10.491368,10.085851
10.468955,9.94035
10.591833,9.94035
10.942049,10.043293
10.706483,10.021315
10.809545,10.010142
10.436615,9.998843
10.490914,10.043293
10.456714,10.043293
10.641307,10.085851
10.594335,9.998843
10.623302,9.998843
10.512413,9.998843
10.719405,10.043293
10.691495,9.9804945
10.362428,10.085851
10.432433,9.952325
10.389682,10.110542
10.560324,10.085851
10.959952,10.043293
10.330085,10.043293
10.645658,10.064798
10.711671,9.998843
10.808724,10.096213
10.435017,9.952325
10.436547,10.085851
10.172211,10.085851
10.176066,10.043293
10.315228,9.952325
10.444673,10.043293
10.764991,9.998843
10.714787,9.998843
10.61774,10.085851
10.442899,10.085226
10.764891,9.993145
10.4272785,10.041727
10.213464,10.041727
10.234214,10.199175
10.363315,10.000115
10.656806,9.928229
10.159694,9.975855
10.253883,9.903538
10.296989,10.043293
10.861339,10.043293
10.234084,9.928229
11.322177,9.998843
10.580331,9.975855
10.560194,9.975855
10.580077,10.021315
10.547013,10.043293
10.385769,10.043293
10.511468,10.043293
10.541357,10.043293
10.701684,10.043293
10.208565,9.928229
10.441442,9.903538
10.685484,9.975855
10.473897,10.043293
10.678347,9.928229
10.747483,9.961803
10.5542345,9.998843
10.567958,9.928229
10.484438,9.952325
10.624053,9.94035
10.430873,9.975855
10.519149,9.998843
10.19933,9.9804945
10.295854,10.162808
10.447581,10.105653
10.5602255,9.915959
10.634898,9.952325
10.8559,9.903538
10.492214,9.903538
10.334926,9.903538
10.744018,9.998843
9.901658,9.998843
10.370517,9.952325
10.378175,9.952325
10.003406,9.928229
10.377686,9.952325
10.253823,9.903538
10.723148,9.952325
10.508864,9.878221
10.684307,9.952325
10.547376,9.998843
10.508756,9.975855
10.262743,9.903538
10.294587,9.952325
10.596506,9.928229
10.783822,9.998843
10.277385,9.903538
10.857394,9.998843
10.277045,9.903538
10.559075,9.928229
10.513626,9.89096
10.474135,9.89096
10.734532,10.064798
10.410836,9.928229
10.631877,9.770013
10.869445,9.770013
10.632562,9.988609
10.596169,9.988609
10.553518,9.998843
10.330359,9.952325
11.0779505,9.952325
10.383231,9.975855
10.791759,9.998843
10.066794,9.903538
10.250208,9.82558
10.702424,9.903538
10.399835,9.903538
10.374553,9.998843
10.403586,9.998843
10.388307,9.952325
10.272021,10.12507
10.590538,10.002473
10.442445,9.9804945
10.439166,9.9804945
10.452031,9.9804945
10.425577,9.9804945
10.464877,9.9804945
10.439166,9.9804945
10.473058,9.9804945
10.060607,9.952325
10.405084,9.851615
10.493346,9.845911
10.517565,9.927838
10.532184,9.903538
10.248982,9.852247
10.478052,9.770013
10.432425,9.852247
9.968719,10.085851
10.363189,9.852247
10.545448,9.878221
10.491528,9.852247
10.215389,9.903538
10.5941515,9.878221
10.375955,9.852247
10.7064905,9.865318
10.702461,9.865318
10.702461,9.865318
10.702461,9.865318
10.702461,9.865318
10.906523,9.878221
10.192667,9.82558
10.298039,9.878221
10.620865,9.852247
10.190902,9.952325
10.479627,9.878221
10.528994,9.929691
10.7049265,9.923339
10.574874,10.085851
10.507454,9.958023
10.295121,9.862718
10.593586,9.879554
10.219899,9.908376
10.406472,9.801344
10.331183,9.903538
10.746031,9.852247
10.296713,9.903538
10.63334,9.852247
10.322169,9.903538
10.581711,9.903538
10.155354,9.903538
10.23989,9.903538
10.5454235,9.7981825
10.514239,9.903538
10.10554,9.903538
11.0349655,9.903538
10.351146,9.903538
9.8796215,9.903538
10.388286,9.903538
10.422658,9.852247
10.548923,9.852247
10.600411,9.903538
10.32578,9.852247
10.394481,9.928229
10.543408,9.82558
10.1517105,9.852247
10.858435,9.878221
10.067502,9.852247
10.553056,9.82558
10.334821,9.770013
10.552429,9.770013
10.671069,9.680407
10.583587,9.770013
10.262742,9.82558
10.737001,9.82558
10.395301,9.711176
10.366685,9.852247
10.422456,9.770013
11.020483,9.852247
10.145207,9.852247
10.233787,9.878221
10.27308,9.903538
10.953698,9.903538
10.419456,9.903538
10.327964,9.852247
10.664113,9.903538
10.453956,9.82558
10.537766,9.903538
10.268723,9.903538
10.194533,9.852247
10.982377,9.852247
10.623138,9.852247
10.278636,9.770013
10.53457,9.82558
10.39977,9.852247
10.346585,9.903538
10.400257,9.7981825
10.856351,9.852247
11.003679,9.903538
10.496909,9.903037
10.592456,9.903538
10.5734215,9.901034
10.429061,9.8705
10.604808,9.778661
10.208316,9.852247
10.046517,9.856396
10.252941,9.852247
10.552265,9.878221
10.578913,9.878221
10.227981,9.852247
10.759407,9.7981825
10.129798,9.852247
10.283534,9.878221
10.38077,9.770013
10.368824,9.7981825
10.397036,9.852247
10.324106,9.8119755
10.34225,9.852247
10.135519,9.770013
10.245577,9.852247
10.423756,9.770013
10.27105,9.865318
10.092114,9.82558
10.567498,9.819127
10.226289,9.727168
10.185948,9.805544
10.318716,9.82179
10.088347,9.7981825
10.447597,9.711176
10.448885,9.741028
9.957053,9.185125
10.167476,9.741028
10.743811,9.809232
10.401521,9.7981825
10.400001,9.711176
10.249348,9.7981825
10.653159,9.878221
10.550139,9.755626
10.212636,9.7981825
10.609668,9.7981825
10.405015,9.770013
10.540378,9.7981825
10.419303,9.546884
10.459409,9.546884
10.64442,9.615872
10.725324,9.711176
10.070709,9.711176
10.293263,9.546884
10.547025,9.741028
10.535731,9.741028
10.469945,9.741028
10.6415615,9.82558
10.475522,9.741028
10.282647,9.711176
10.341625,9.7981825
10.561164,9.770013
10.144109,9.82558
10.46079,9.741028
10.448298,9.741028
10.282888,9.755626
10.250323,9.755626
10.246451,9.7981825
10.897868,10.146473
10.089541,9.64866
10.499835,9.741028
10.273791,9.770013
10.040511,9.7981825
10.171443,9.73181
10.891566,9.787066
10.574878,9.811427
10.563042,9.433564
10.554179,9.615872
10.598792,9.711176
10.184152,9.726213
10.499028,9.741028
9.811883,9.64866
10.173158,9.711176
10.192343,9.784197
10.68312,9.770013
10.619908,9.741028
10.264114,9.680407
10.552678,9.711176
10.304135,9.581973
10.428508,9.711176
10.611408,9.755626
10.497678,9.711176
10.206105,9.64866
10.35551,9.711176
10.195398,9.711176
10.348419,9.6959095
10.571394,9.770013
10.389118,9.741028
10.385751,9.711176
10.499669,9.8119755
10.630699,9.755626
10.324002,9.733707
10.638675,9.862718
10.574597,9.700208
10.423529,9.958023
10.058652,9.720586
10.491614,9.842516
10.121835,9.680407
10.200681,9.6959095
10.443368,9.680407
10.27479,9.680407
10.594952,9.903538
10.675763,9.711176
10.088021,9.680407
10.423597,9.711176
10.521615,9.680407
10.175487,9.64866
10.416879,9.615872
10.910567,9.680407
10.2734375,9.680407
10.341961,9.680407
10.382437,9.711176
10.577954,9.711176
9.94657,9.575053
10.385758,9.680407
10.480634,9.64866
10.251395,9.692828
10.426621,9.741028
10.294755,9.680407
10.222009,9.615872
10.423209,9.680407
10.588359,9.628853
10.581882,9.7976265
10.554891,10.221977
10.305825,9.638676
10.5418005,9.757363
10.451049,9.757363
10.376065,9.639587
10.230514,9.757363
10.414737,9.757363
10.332347,9.623377
10.53415,9.599202
10.805039,9.573316
10.379062,9.528867
10.203566,9.878221
10.160031,9.564583
10.268599,9.615872
10.124354,9.433564
10.474832,9.564583
10.527885,9.528867
10.493689,9.528867
10.183658,9.581973
10.242799,9.539716
10.453847,9.615872
10.869733,9.596418
10.404735,9.580869
10.343405,9.700208
10.5239725,9.670357
10.425532,9.700208
10.419621,9.472781
10.180156,9.472781
10.547557,9.694616
10.656264,9.678405
10.124634,9.510519
10.15731,9.581973
10.334028,9.546884
10.587048,9.546884
10.273706,9.65323
10.214953,9.654449
9.931431,9.652009
10.516318,9.575053
9.952424,9.639587
10.635354,9.639587
10.446265,9.639587
10.611346,9.639587
10.786828,9.501591
10.364014,9.571714
10.396446,9.620661
10.453168,9.522301
10.566045,9.510519
10.444663,9.472781
10.434443,9.472781
9.807701,9.601369
10.601687,9.588297
10.601981,9.588297
10.251635,9.512443
10.048457,9.575053
10.260908,9.575053
10.600658,9.541154
9.740221,9.575053
10.0603075,9.441531
10.356671,9.392745
10.470157,9.392745
10.266929,9.392745
10.641736,9.614271
10.0947075,9.506065
10.145016,9.506065
10.507205,9.506065
10.507205,9.506065
10.507205,9.506065
10.507205,9.506065
10.096455,9.506065
10.507205,9.506065
10.507205,9.506065
10.281876,9.425775
10.223177,9.431963
10.273017,9.383033
10.296006,9.383033
10.653161,10.962666
10.812934,8.853808
10.773769,8.794976
10.354451,9.575053
10.302362,9.488048
10.8666725,8.699681
10.81813,8.7194805
10.437941,9.616672
10.631932,8.679482
10.582515,9.7981825
11.018743,9.615872
10.674745,8.7194805
10.618208,8.7194805
10.588616,10.223866
10.441555,9.552226
10.8364,9.915959
10.76481,11.231901
10.517396,9.979939
10.55646,9.9804945
10.477473,10.280999
10.584543,10.280999
10.4939995,10.309819
10.361598,9.9804945
10.344986,9.9804945
10.450311,10.240924
10.470803,10.158169
10.404437,9.488048
10.51898,10.181157
10.402514,10.181157
11.016896,8.77663
10.706395,9.966509
10.65076,10.085851
10.467797,10.268166
10.505096,10.134639
10.3873205,10.134639
10.637038,10.238709
10.795257,10.269206
10.329733,10.157975
11.170828,11.000248
10.9089575,10.491302
11.210465,10.778977
10.253652,10.778977
10.488973,10.695598
11.088965,10.59666
10.680695,10.71444
10.566042,10.819798
10.79778,11.248973
10.674789,10.532123
10.693379,10.628158
10.674579,10.673619
10.917199,10.837245
10.974345,10.758775
11.025235,10.393325
10.666256,10.234265
10.779866,10.504547
10.666256,10.234265
10.6829815,10.234265
11.010441,10.555839
10.406095,10.778977
10.425855,10.778977
10.453741,8.7194805
10.472688,8.7194805
10.528485,8.679482
10.543738,10.851296
10.674789,10.463132
10.956101,11.289794
10.792966,10.819798
11.075325,11.002116
10.5937395,11.041337
10.992403,10.404293
11.122898,10.8685875
11.040346,10.959558
11.711207,11.082158
10.899331,10.491302
11.220414,11.002116
11.084367,10.8685875
10.893948,10.8685875
10.933642,10.768506
11.021137,11.294782
10.82953,11.407576
10.877061,10.532123
11.249269,11.082158
10.548858,10.275085
10.804553,10.59666
11.228435,10.959558
11.006576,11.320565
10.751356,10.165891
11.093948,10.819798
10.819223,10.448744
10.837581,10.463132
10.694912,10.532123
10.478114,9.784197
10.566481,9.998843
10.697107,10.434145
10.832648,10.308986
10.972354,11.184435
10.610027,10.448744
10.80247,9.9804945
10.7477255,10.308986
10.6565275,10.819798
10.844316,10.257694
10.69999,10.341775
10.598985,10.356186
10.868854,10.768506
10.829859,10.819798
10.909883,10.71444
10.642501,10.1849375
10.77744,10.994084
10.531042,11.041337
10.824131,10.757924
10.648942,10.239996
10.89725,10.829748
10.996123,10.448744
10.50904,10.165891
10.797244,10.532123
10.761628,10.532123
11.045146,11.338584
10.079186,9.546884
10.862712,10.463132
10.621623,10.341775
10.707013,11.350418
10.998964,10.308986
10.850501,10.71444
11.478044,10.657283
10.793474,10.275085
11.321887,11.320565
10.704797,9.7981825
10.770765,10.239996
10.920069,10.532123
11.022362,11.079077
10.717286,10.389026
10.890323,10.72549
11.177412,10.463132
10.922243,10.59666
11.080989,10.257694
10.839422,10.2036295
10.85146,10.021315
11.128908,11.379406
10.854062,10.126671
10.945663,10.959558
10.781398,9.975855
10.837504,10.657283
10.822822,9.952325
10.377591,10.357775
11.64677,11.366755
10.788005,10.181157
10.457643,10.1849375
10.495893,10.144117
10.933832,11.184435
10.6312685,10.021315
11.53192,10.855937
10.644052,10.045031
10.850074,10.657283
11.023958,11.041337
10.808455,9.711176
10.87055,10.950824
10.9236,10.59666
10.940471,10.045031
11.28058,10.927394
10.869002,10.332702
10.828782,10.532123
10.679686,10.021315
11.291961,11.414221
11.135415,9.575053
10.757904,9.852247
10.72523,10.221977
10.630832,10.275085
10.722335,10.959558
10.789165,10.736419
11.034264,11.141876
10.992709,10.819798
10.882003,10.657283
11.34703,11.373675
11.15844,11.279744
10.68562,11.115443
11.051888,10.717103
11.114337,11.233225
10.696478,10.422311
10.957725,10.518701
10.784152,10.389026
11.2504225,11.082158
11.105154,10.532123
10.881332,10.373523
10.412794,10.657283
10.551438,9.878221
10.970926,11.119898
10.759526,10.59666
10.545189,10.389026
11.116859,10.71444
10.395848,10.002473
10.79502,10.59666
11.185906,10.045031
10.956302,11.184435
11.004952,10.477316
11.058775,11.008164
11.244628,10.959558
10.470204,9.998843
10.690782,10.532123
10.71524,10.768506
10.761201,10.673619
11.135003,10.915107
10.673209,10.221977
10.569509,10.2036295
10.903352,10.71444
11.049282,10.580531
11.054435,11.071642
10.863666,10.532123
10.859279,11.097425
10.252519,9.729194
10.805297,11.338584
11.0019865,10.59666
10.505303,10.257694
10.624713,10.657283
10.5617485,10.58661
10.871257,10.768506
10.986806,10.389026
10.87349,11.289794
10.627576,10.064798
10.972579,10.78934
10.001328,9.7981825
10.887183,10.657283
10.4985075,10.389026
10.974456,10.915107
10.642829,10.126671
10.754981,10.8685875
11.1159315,11.082158
11.109447,10.657283
10.768596,10.532123
10.721728,10.308986
11.036574,10.59666
10.829122,10.959558
11.0167265,10.915107
11.129538,11.002116
10.813796,9.952325
10.242236,9.575053
10.519279,10.239996
10.18974,10.363472
10.745391,9.9804945
10.615148,10.434145
10.602543,11.097425
10.565053,10.043293
10.965567,10.555839
10.644142,10.341775
11.1066475,10.388842
10.849524,10.633472
10.867753,10.021315
11.029494,10.126671
11.054287,10.915107
10.709783,10.8685875
10.739293,10.59666
10.356431,10.2036295
10.909162,10.657283
11.185906,9.958023
10.890693,10.2036295
10.789849,9.757363
10.981768,10.463132
10.704555,10.1849375
9.870564,9.711176
10.454815,10.308986
10.785526,11.042938
10.653664,10.59666
10.590568,10.422311
10.87427,11.289794
10.993152,11.191356
11.1096,10.915107
10.541787,10.064798
10.533332,10.819798
11.0892725,10.959558
10.689807,11.264477
11.040969,10.59666
10.678263,10.308986
11.122642,10.915107
10.994917,10.8685875
10.359466,10.419331
10.874561,11.041337
11.264348,10.915107
10.611949,10.819798
10.984912,10.021315
11.230639,10.71444
11.231523,10.71444
11.120914,10.532123
11.232707,10.463132
10.967107,10.915107
10.842843,10.463132
10.866864,10.1849375
10.816902,10.71444
10.864903,10.341775
11.238196,10.532123
10.821399,10.673619
10.702933,11.025832
10.960017,10.8685875
11.234145,11.472114
10.762452,10.71444
11.002497,10.463132
10.490542,9.757363
10.642428,10.530521
10.813627,10.530521
10.817988,10.389026
10.954709,10.404293
10.314935,10.021315
10.956931,10.849357
10.582417,10.106469
10.4524355,9.811427
10.854339,10.977824
10.778731,10.308986
10.824956,10.768506
11.003739,10.915107
11.739688,11.512936
10.65342,11.407576
10.709575,11.407576
10.539776,11.082158
10.986335,11.407576
10.725781,11.156265
10.849581,11.225257
11.309504,11.021919
11.245427,11.156265
10.540752,11.184435
11.386691,11.082158
11.116569,11.082158
10.82969,11.042938
10.812897,10.959558
10.879094,10.8685875
11.2333555,10.959558
10.731656,10.915107
10.753783,10.8685875
10.77326,10.915107
11.241189,10.819798
10.473057,10.967939
11.045178,10.768506
10.669376,10.434145
10.700578,10.434145
10.371186,10.819798
10.910658,10.819798
10.667499,10.71444
10.626017,10.657283
10.771298,10.778977
10.789359,10.558439
11.020463,10.71444
11.172315,10.71444
11.074499,10.657283
10.85104,10.804238
10.625761,10.456539
10.760731,10.463132
10.793267,10.59666
10.632091,10.532123
10.65741,10.463132
10.503223,10.532123
10.586074,10.221977
10.6442795,10.463132
10.689607,10.463132
10.918181,10.257694
10.56709,10.1849375
10.459361,10.221977
10.89837,10.389026
10.482197,10.389026
10.959374,10.325351
11.117076,10.389026
10.299315,10.308986
10.614824,10.308986
10.956768,10.275085
10.303418,10.341775
10.626194,10.275085
10.843164,10.275085
10.704952,10.221977
10.488242,10.221977
10.678842,10.221977
10.700906,10.239996
10.842941,10.221977
10.246306,10.2036295
10.800072,10.043293
10.7775545,10.126671
10.562295,10.165891
10.487949,10.165891
10.717691,9.903538
10.473668,9.903538
10.329934,10.021315
10.602789,10.085851
10.483569,9.952325
10.630745,10.045031
11.153806,9.928229
10.444375,9.928229
10.206952,9.975855
10.239238,9.928229
10.323985,9.998843
10.291846,9.952325
10.207047,9.952325
10.403533,9.729194
10.185752,9.8119755
10.231643,9.903538
10.372897,10.1849375
10.522851,9.903538
10.892452,9.852247
10.093137,9.8119755
10.205323,9.741028
10.745286,9.82558
10.516434,9.7981825
10.221437,9.711176
10.49208,9.741028
10.169391,9.761405
10.180259,9.755626
10.139136,9.64866
10.331515,9.711176
10.199227,9.581973
10.703694,9.546884
9.973083,9.472781
10.454392,9.392745
10.700643,10.167427
10.53471,10.167427
10.329862,9.392745
9.965087,8.699681
9.829969,9.639587
9.973195,9.862718
10.030433,9.506065
10.295525,9.639587
10.217807,9.862718
10.108297,9.757363
10.237981,9.862718
9.975736,9.431963
10.275081,9.392745
10.150573,10.555839
9.8946905,9.639587
9.958989,9.351927
10.136838,9.862718
10.068856,9.757363
10.311461,9.862718
10.341241,9.700208
10.1417265,9.862718
10.251451,9.862718
10.131378,9.639587
10.225629,9.862718
10.162953,9.862718
10.093906,9.639587
10.314059,9.862718
10.133275,9.169622
9.907248,9.169622
10.21232,10.422311
10.230196,9.862718
10.388188,8.812992
10.125413,9.729194
10.043688,9.700208
9.986377,9.862718
10.312348,9.862718
10.171996,9.431963
10.327178,9.862718
9.94642,9.639587
10.254879,9.218408
10.321778,9.639587
10.289998,9.862718
10.057318,9.506065
10.234724,9.862718
10.065601,9.639587
10.110228,9.862718
10.0667095,9.506065
10.321067,9.757363
10.259816,9.639587
9.9067545,9.639587
9.956414,9.392745
9.959098,9.729194
10.234256,9.862718
10.090526,9.729194
10.113414,9.392745
10.376946,9.862718
10.433072,9.9804945
10.174463,9.729194
10.015187,9.169622
9.905532,9.264923
10.027347,9.639587
10.056611,8.946505
10.176383,9.351927
10.09072,9.757363
10.837411,10.2036295
10.768591,11.461642
10.674485,11.225257
10.830945,11.289794
10.893424,11.320565
10.709684,11.338584
10.774705,11.191356
10.491684,11.248973
11.143857,10.959558
10.677873,10.993749
10.846648,11.115443
10.857458,10.910551
11.13953,10.8685875
10.749396,10.915107
11.031455,10.8685875
10.737636,10.915107
10.535127,10.907807
10.62087,10.851296
10.771935,10.8685875
10.602527,10.915107
10.777442,10.915107
11.048146,10.819798
10.622348,10.915107
10.821803,10.819798
10.708896,10.819798
11.028329,10.819798
11.222133,10.819798
10.793902,10.819798
10.95431,10.899089
10.779229,10.736419
11.073166,10.691968
10.731734,10.757924
10.57977,10.126671
10.674099,10.768506
10.888188,10.657283
10.627965,10.59666
10.697351,10.71444
10.968146,10.71444
10.783687,10.558439
10.894347,10.668979
10.879283,10.778977
10.863826,10.571342
10.743106,10.72549
11.083619,10.680539
10.589115,10.72549
10.511706,10.633472
11.157493,10.633472
10.617539,10.59666
10.582547,10.59666
10.259323,10.657283
11.032289,10.558439
10.711339,10.532123
10.623348,10.021315
10.671554,10.021315
10.7424135,10.59666
10.732652,10.59666
10.710128,10.59666
11.3967285,10.657283
10.742257,10.633472
10.795198,10.657283
10.666926,10.59666
11.027038,10.609082
11.092608,10.540196
10.523114,10.59666
10.500323,10.463132
10.853387,10.532123
10.441782,10.532123
10.573296,10.532123
10.52628,10.532123
10.438048,10.532123
10.689439,10.532123
10.678167,10.518701
10.692573,10.532123
10.661041,10.463132
10.739707,10.448744
10.622762,10.463132
10.82644,10.436202
10.749526,10.491302
10.540304,10.463132
10.990441,10.357775
10.855222,10.389026
11.19098,10.308986
10.788799,10.357775
10.899852,10.463132
10.716752,10.289973
10.79479,10.434145
10.527045,10.463132
10.503585,10.308986
10.967158,10.389026
10.638929,10.389026
10.690514,10.308986
10.617057,10.308986
10.979516,10.330225
10.419017,10.308986
10.614992,10.325515
10.715849,10.373523
10.585934,10.308986
10.413487,10.389026
10.397135,10.47788
10.712733,10.126671
10.554369,10.308986
10.473407,10.126671
10.613662,10.275085
10.617399,10.221977
10.7463045,10.221977
10.359567,10.221977
10.403525,10.308986
10.678616,10.308986
10.629477,10.221977
10.302896,10.239996
10.678671,10.221977
10.606303,10.1849375
10.67884,10.106469
10.562522,10.126671
10.615077,10.126671
10.697134,10.146473
10.34484,10.221977
10.642919,10.2036295
10.6277895,10.153506
10.249066,10.085851
10.778987,10.126671
10.745549,10.126671
10.458808,10.126671
10.257363,9.952325
10.564701,10.021315
10.552873,10.099629
10.616673,10.099629
10.606323,10.064798
10.655819,10.065649
10.5439005,10.12507
10.527084,10.064798
10.331403,10.043293
10.555828,9.841665
10.354824,9.685393
10.295875,9.64866
10.361138,9.350189
10.380975,10.085851
10.734988,10.463132
10.6473055,10.680539
11.115027,10.915107
10.882144,11.115443
10.982325,10.874286
10.974996,11.338584
10.757151,10.758775
10.491222,10.961295
10.739213,10.961295
10.950193,11.264477
10.969512,11.233225
11.011329,11.279744
10.519851,10.819798
10.629725,11.264477
10.471742,10.221977
10.462287,10.59666
10.46869,10.389026
10.284808,9.741028
10.563695,10.363472
10.691219,10.275085
10.926389,10.393325
10.8250885,11.350418
11.630475,11.496806
11.364825,11.496806
10.795121,10.165891
10.522727,10.126671
10.946069,10.71444
10.332829,10.463132
10.616127,9.770013
10.657992,10.463132
10.548392,10.221977
10.560842,10.021315
10.44909,10.71444
10.504563,10.021315
10.385383,9.770013
10.330051,10.021315
10.597594,10.221977
10.4711685,10.463132
10.448083,10.221977
10.282245,9.770013
10.381063,9.770013
10.284498,10.221977
10.285409,10.021315
10.302232,10.221977
10.473864,10.021315
10.3487425,9.770013
10.299182,10.221977
10.480932,10.221977
10.596411,10.021315
10.386792,9.770013
10.307468,9.770013
10.561666,10.221977
10.144767,9.770013
10.204053,9.770013
10.222041,9.770013
10.420673,10.021315
10.431405,10.021315
10.417216,10.021315
10.634793,10.819798
10.495822,9.741028
11.189691,11.350418
11.130666,11.350418
10.732799,10.357775
10.633405,11.472114
11.024193,11.082158
10.520128,10.532123
10.599639,10.71444
10.776782,10.819798
10.642162,11.002116
10.738517,11.225257
10.8863535,11.184435
10.284131,9.564583
10.392325,9.770013
10.7253065,10.738156
10.469882,10.308986
10.442245,9.998843
10.256681,9.4844055
10.572189,9.506065
10.842031,10.758775
10.7524,10.651147
10.798733,9.636457
11.069802,10.71444
10.769683,10.199175
10.522218,10.373523
10.827547,10.914888
10.769683,10.199175
10.697152,10.837245
10.782968,10.818197
10.758262,10.27846
10.632718,10.393325
10.774851,10.199175
10.756763,10.994084
11.226954,10.434145
10.629573,11.248973
10.590962,11.248973
10.721879,11.512936
10.655871,10.819798
10.690263,10.043293
10.043588,9.7981825
10.972701,10.915107
11.121398,10.915107
11.020778,10.915107
11.024799,10.915107
10.958562,10.915107
11.173402,11.002116
11.047946,10.819798
10.631363,10.71444
11.235919,10.71444
11.317823,10.71444
10.787691,10.59666
11.1559515,10.71444
11.286984,10.657283
11.246493,10.72549
10.992102,10.633472
11.01872,10.633472
10.967347,10.532123
11.290961,10.518701
10.852372,10.434145
10.476647,10.59666
10.44,10.532123
10.424737,10.491302
10.905343,10.518701
10.910516,10.434145
10.760804,10.308986
11.140233,10.325515
10.683449,10.257694
10.697802,10.341775
11.118048,10.221977
10.715622,10.308986
10.877061,10.2036295
10.586795,10.193728
11.373213,10.043293
11.47615,10.021315
11.336351,10.021315
10.610937,10.021315
10.812144,9.998843
10.805572,9.998843
10.36131,9.407797
10.321145,10.584082
10.515927,10.308986
10.489352,10.341775
10.393914,9.928229
10.67296,10.71444
10.315411,10.126671
10.269463,10.389026
10.645053,9.903538
10.652488,9.928229
11.085282,10.896758
10.848391,10.993749
10.773161,10.915107
10.967622,11.608245
11.338962,11.407576
11.362103,11.512936
11.248424,11.512936
10.40951,10.043293
11.132989,10.509169
10.510702,10.363472
10.571037,9.64866
10.366322,10.064798
10.696422,10.579768
10.893256,10.308986
10.520041,10.673619
10.727059,10.239996
11.221332,10.933125
10.531934,11.156265
10.653408,10.558439
10.806277,10.504547
10.543238,9.852247
10.232547,9.792612
10.605639,11.512936
10.63421,11.302217
10.219392,9.615872
10.149587,9.615872
10.318231,9.903538
10.228613,9.852247
11.137141,10.59666
10.661841,8.518592
10.534957,10.034559
10.655783,10.308986
10.569636,10.034559
10.574038,9.65509
10.6785345,10.034559
10.651524,10.034559
10.518819,10.034559
10.524349,10.034559
10.534072,10.034559
10.555821,10.034559
10.459958,10.034559
10.531858,10.034559
10.503023,10.034559
10.668992,10.034559
10.31341,10.657283
